사용월,호선명,역ID,지하철역,승차승객수,하차승객수,작업일시
2022-03,1호선,150,서울역,984646,949974,2022-04-03 9:19
2022-03,1호선,151,시청,500905,503869,2022-04-03 9:19
2022-03,1호선,152,종각,762319,734308,2022-04-03 9:19
2022-03,1호선,153,종로3가,612391,562830,2022-04-03 9:19
2022-03,1호선,154,종로5가,549656,544757,2022-04-03 9:19
2022-03,1호선,155,동대문,288291,271656,2022-04-03 9:19
2022-03,1호선,156,신설동,342134,332894,2022-04-03 9:19
2022-03,1호선,157,제기동,430367,440351,2022-04-03 9:19
2022-03,1호선,158,청량리(서울시립대입구),510145,508653,2022-04-03 9:19
2022-03,1호선,159,동묘앞,236879,248649,2022-04-03 9:19
2022-03,2호선,201,시청,500336,475651,2022-04-03 9:19
2022-03,2호선,202,을지로입구,855938,875572,2022-04-03 9:19
2022-03,2호선,203,을지로3가,487174,484276,2022-04-03 9:19
2022-03,2호선,204,을지로4가,294577,294509,2022-04-03 9:19
2022-03,2호선,205,동대문역사문화공원(DDP),305405,346078,2022-04-03 9:19
2022-03,2호선,206,신당,345606,357064,2022-04-03 9:19
2022-03,2호선,207,상왕십리,344008,336446,2022-04-03 9:19
2022-03,2호선,208,왕십리(성동구청),422484,344699,2022-04-03 9:19
2022-03,2호선,209,한양대,328071,362799,2022-04-03 9:19
2022-03,2호선,210,뚝섬,512950,547133,2022-04-03 9:19
2022-03,2호선,211,성수,861490,941707,2022-04-03 9:19
2022-03,2호선,212,건대입구,933261,981387,2022-04-03 9:19
2022-03,2호선,213,구의(광진구청),577662,571114,2022-04-03 9:19
2022-03,2호선,214,강변(동서울터미널),731968,696774,2022-04-03 9:19
2022-03,2호선,215,잠실나루,327062,318112,2022-04-03 9:19
2022-03,2호선,216,잠실(송파구청),1637069,1607374,2022-04-03 9:19
2022-03,2호선,217,잠실새내,511937,514571,2022-04-03 9:19
2022-03,2호선,218,종합운동장,229333,245871,2022-04-03 9:19
2022-03,2호선,219,삼성(무역센터),1147582,1156046,2022-04-03 9:19
2022-03,2호선,220,선릉,1233762,1098371,2022-04-03 9:19
2022-03,2호선,221,역삼,1104068,1234172,2022-04-03 9:19
2022-03,2호선,222,강남,1954103,1921736,2022-04-03 9:19
2022-03,2호선,223,교대(법원.검찰청),767318,862234,2022-04-03 9:19
2022-03,2호선,224,서초,495257,472022,2022-04-03 9:19
2022-03,2호선,225,방배,439907,458368,2022-04-03 9:19
2022-03,2호선,226,사당,889604,978420,2022-04-03 9:19
2022-03,2호선,227,낙성대(강감찬),685710,669449,2022-04-03 9:19
2022-03,2호선,228,서울대입구(관악구청),1210148,1189389,2022-04-03 9:19
2022-03,2호선,229,봉천,584250,545967,2022-04-03 9:19
2022-03,2호선,230,신림,1597448,1550433,2022-04-03 9:19
2022-03,2호선,231,신대방,658846,643410,2022-04-03 9:19
2022-03,2호선,232,구로디지털단지,1375976,1372229,2022-04-03 9:19
2022-03,2호선,233,대림(구로구청),591295,609093,2022-04-03 9:19
2022-03,2호선,234,신도림,1154596,1164139,2022-04-03 9:19
2022-03,2호선,235,문래,502158,514641,2022-04-03 9:19
2022-03,2호선,236,영등포구청,528857,543839,2022-04-03 9:19
2022-03,2호선,237,당산,444602,508619,2022-04-03 9:19
2022-03,2호선,238,합정,773906,810915,2022-04-03 9:19
2022-03,2호선,239,홍대입구,1445423,1494768,2022-04-03 9:19
2022-03,2호선,240,신촌,850018,846884,2022-04-03 9:19
2022-03,2호선,241,이대,344651,366648,2022-04-03 9:19
2022-03,2호선,242,아현,256558,247146,2022-04-03 9:19
2022-03,2호선,243,충정로(경기대입구),229641,244303,2022-04-03 9:19
2022-03,2호선,244,용답,82988,87140,2022-04-03 9:19
2022-03,2호선,245,신답,39679,44788,2022-04-03 9:19
2022-03,2호선,246,신설동,90757,93282,2022-04-03 9:19
2022-03,2호선,247,도림천,33674,34999,2022-04-03 9:19
2022-03,2호선,248,양천구청,163183,169621,2022-04-03 9:19
2022-03,2호선,249,신정네거리,247655,255941,2022-04-03 9:19
2022-03,2호선,250,용두(동대문구청),59098,60307,2022-04-03 9:19
2022-03,3호선,309,지축,115341,109101,2022-04-03 9:19
2022-03,3호선,310,구파발,502358,487199,2022-04-03 9:19
2022-03,3호선,311,연신내,917178,871142,2022-04-03 9:19
2022-03,3호선,312,불광,403033,436973,2022-04-03 9:19
2022-03,3호선,313,녹번,376613,340772,2022-04-03 9:19
2022-03,3호선,314,홍제,433551,414938,2022-04-03 9:19
2022-03,3호선,315,무악재,93108,96072,2022-04-03 9:19
2022-03,3호선,316,독립문,175586,185274,2022-04-03 9:19
2022-03,3호선,317,경복궁(정부서울청사),502416,496020,2022-04-03 9:19
2022-03,3호선,318,안국,481613,502417,2022-04-03 9:19
2022-03,3호선,319,종로3가,235304,274028,2022-04-03 9:19
2022-03,3호선,320,을지로3가,230551,233561,2022-04-03 9:19
2022-03,3호선,321,충무로,33,0,2022-04-03 9:19
2022-03,3호선,322,동대입구,213120,231092,2022-04-03 9:19
2022-03,3호선,323,약수,313739,306072,2022-04-03 9:19
2022-03,3호선,324,금호,191500,181686,2022-04-03 9:19
2022-03,3호선,325,옥수,212618,222603,2022-04-03 9:19
2022-03,3호선,326,압구정,750213,796435,2022-04-03 9:19
2022-03,3호선,327,신사,748938,776189,2022-04-03 9:19
2022-03,3호선,328,잠원,114257,112033,2022-04-03 9:19
2022-03,3호선,329,고속터미널,1033180,1003510,2022-04-03 9:19
2022-03,3호선,330,교대(법원.검찰청),321691,208151,2022-04-03 9:19
2022-03,3호선,331,남부터미널(예술의전당),681492,693667,2022-04-03 9:19
2022-03,3호선,332,양재(서초구청),872642,946105,2022-04-03 9:19
2022-03,3호선,333,매봉,277276,265470,2022-04-03 9:19
2022-03,3호선,334,도곡,123411,127395,2022-04-03 9:19
2022-03,3호선,335,대치,274022,270558,2022-04-03 9:19
2022-03,3호선,336,학여울,61132,64661,2022-04-03 9:19
2022-03,3호선,337,대청,238836,220877,2022-04-03 9:19
2022-03,3호선,338,일원,235418,228126,2022-04-03 9:19
2022-03,3호선,339,수서,413032,419617,2022-04-03 9:19
2022-03,3호선,340,가락시장,211795,207521,2022-04-03 9:19
2022-03,3호선,341,경찰병원,168613,168591,2022-04-03 9:19
2022-03,3호선,342,오금,145028,134183,2022-04-03 9:19
2022-03,4호선,409,당고개,289612,268558,2022-04-03 9:19
2022-03,4호선,410,상계,475128,443739,2022-04-03 9:19
2022-03,4호선,411,노원,475866,532042,2022-04-03 9:19
2022-03,4호선,412,창동,644754,681729,2022-04-03 9:19
2022-03,4호선,413,쌍문,723052,667733,2022-04-03 9:19
2022-03,4호선,414,수유(강북구청),857450,854977,2022-04-03 9:19
2022-03,4호선,415,미아(서울사이버대학),380852,371422,2022-04-03 9:19
2022-03,4호선,416,미아사거리,684932,666299,2022-04-03 9:19
2022-03,4호선,417,길음,505424,502044,2022-04-03 9:19
2022-03,4호선,418,성신여대입구(돈암),529251,507125,2022-04-03 9:19
2022-03,4호선,419,한성대입구(삼선교),343371,337375,2022-04-03 9:19
2022-03,4호선,420,혜화,809650,807970,2022-04-03 9:19
2022-03,4호선,421,동대문,465903,481509,2022-04-03 9:19
2022-03,4호선,422,동대문역사문화공원(DDP),363010,335782,2022-04-03 9:19
2022-03,4호선,423,충무로,641184,655631,2022-04-03 9:19
2022-03,4호선,424,명동,454177,469848,2022-04-03 9:19
2022-03,4호선,425,회현(남대문시장),558628,591992,2022-04-03 9:19
2022-03,4호선,426,서울역,243198,365194,2022-04-03 9:19
2022-03,4호선,427,숙대입구(갈월),342301,331003,2022-04-03 9:19
2022-03,4호선,428,삼각지,116915,134640,2022-04-03 9:19
2022-03,4호선,429,신용산,370646,388636,2022-04-03 9:19
2022-03,4호선,430,이촌(국립중앙박물관),175797,195277,2022-04-03 9:19
2022-03,4호선,431,동작(현충원),39263,44628,2022-04-03 9:19
2022-03,4호선,432,총신대입구(이수),461900,500144,2022-04-03 9:19
2022-03,4호선,433,사당,611536,519937,2022-04-03 9:19
2022-03,4호선,434,남태령,29103,24427,2022-04-03 9:19
2022-03,경부선,1001,서울역,156525,49447,2022-04-03 9:19
2022-03,경부선,1002,남영,226786,240338,2022-04-03 9:19
2022-03,경부선,1003,용산,833777,834775,2022-04-03 9:19
2022-03,경부선,1004,노량진,205521,206073,2022-04-03 9:19
2022-03,경부선,1005,대방,309232,318014,2022-04-03 9:19
2022-03,경부선,1006,영등포,974395,989550,2022-04-03 9:19
2022-03,경부선,1007,신도림,101518,99597,2022-04-03 9:19
2022-03,경부선,1032,신길,219813,187127,2022-04-03 9:19
2022-03,경부선,1701,구로,450204,463203,2022-04-03 9:19
2022-03,경부선,1702,가산디지털단지,405393,474177,2022-04-03 9:19
2022-03,경부선,1703,금천구청,288976,288974,2022-04-03 9:19
2022-03,경부선,1704,석수,238552,216803,2022-04-03 9:19
2022-03,경부선,1705,관악,182507,170310,2022-04-03 9:19
2022-03,경부선,1706,안양,605160,598062,2022-04-03 9:19
2022-03,경부선,1707,명학,243230,239482,2022-04-03 9:19
2022-03,경부선,1708,금정,657223,668854,2022-04-03 9:19
2022-03,경부선,1709,군포,187496,186679,2022-04-03 9:19
2022-03,경부선,1710,의왕,224873,224548,2022-04-03 9:19
2022-03,경부선,1711,성균관대,374662,373744,2022-04-03 9:19
2022-03,경부선,1712,화서,196529,189727,2022-04-03 9:19
2022-03,경부선,1713,수원,947578,998430,2022-04-03 9:19
2022-03,경부선,1714,독산,434070,446648,2022-04-03 9:19
2022-03,경부선,1715,세류,76224,70747,2022-04-03 9:19
2022-03,경부선,1716,병점,380724,386906,2022-04-03 9:19
2022-03,경부선,1717,세마,71840,67571,2022-04-03 9:19
2022-03,경부선,1718,오산대,96926,89064,2022-04-03 9:19
2022-03,경부선,1719,오산,264659,264623,2022-04-03 9:19
2022-03,경부선,1720,진위,42695,37283,2022-04-03 9:19
2022-03,경부선,1721,송탄,121079,117227,2022-04-03 9:19
2022-03,경부선,1722,서정리,193059,184509,2022-04-03 9:19
2022-03,경부선,1723,평택지제,92698,88276,2022-04-03 9:19
2022-03,경부선,1724,평택,345420,345480,2022-04-03 9:19
2022-03,경부선,1725,성환,125246,122592,2022-04-03 9:19
2022-03,경부선,1726,직산,21020,20583,2022-04-03 9:19
2022-03,경부선,1727,두정,190339,202257,2022-04-03 9:19
2022-03,경부선,1728,천안,179212,171851,2022-04-03 9:19
2022-03,경부선,1729,당정,156707,149318,2022-04-03 9:19
2022-03,경부선,1749,서동탄,33796,30637,2022-04-03 9:19
2022-03,경부선,1750,광명,81892,70515,2022-04-03 9:19
2022-03,경인선,1801,개봉,528314,507785,2022-04-03 9:19
2022-03,경인선,1802,오류동,300889,280895,2022-04-03 9:19
2022-03,경인선,1803,역곡,684623,676183,2022-04-03 9:19
2022-03,경인선,1804,부천,827163,830136,2022-04-03 9:19
2022-03,경인선,1805,송내,648164,643832,2022-04-03 9:19
2022-03,경인선,1806,부평,753556,799632,2022-04-03 9:19
2022-03,경인선,1807,백운,172323,170888,2022-04-03 9:19
2022-03,경인선,1808,동암,368230,371926,2022-04-03 9:19
2022-03,경인선,1809,주안,485542,439494,2022-04-03 9:19
2022-03,경인선,1810,제물포,264446,253697,2022-04-03 9:19
2022-03,경인선,1811,동인천,350933,335434,2022-04-03 9:19
2022-03,경인선,1812,인천,93480,73206,2022-04-03 9:19
2022-03,경인선,1813,구일,152990,151411,2022-04-03 9:19
2022-03,경인선,1814,소사,224231,216334,2022-04-03 9:19
2022-03,경인선,1815,부개,212240,199483,2022-04-03 9:19
2022-03,경인선,1816,간석,145921,138937,2022-04-03 9:19
2022-03,경인선,1817,도원,75450,74868,2022-04-03 9:19
2022-03,경인선,1821,온수(성공회대입구),168932,161035,2022-04-03 9:19
2022-03,경인선,1822,중동,231955,219212,2022-04-03 9:19
2022-03,경인선,1823,도화,105032,97533,2022-04-03 9:19
2022-03,경원선,1008,이촌(국립중앙박물관),89569,70339,2022-04-03 9:19
2022-03,경원선,1009,서빙고,48716,46414,2022-04-03 9:19
2022-03,경원선,1010,한남,97912,93454,2022-04-03 9:19
2022-03,경원선,1011,옥수,1314,839,2022-04-03 9:19
2022-03,경원선,1012,응봉,48163,42402,2022-04-03 9:19
2022-03,경원선,1013,왕십리(성동구청),370953,396956,2022-04-03 9:19
2022-03,경원선,1014,청량리(서울시립대입구),388378,397546,2022-04-03 9:19
2022-03,경원선,1016,외대앞,218049,217822,2022-04-03 9:19
2022-03,경원선,1017,신이문,209054,194645,2022-04-03 9:19
2022-03,경원선,1018,석계,209148,230422,2022-04-03 9:19
2022-03,경원선,1019,광운대,224833,223082,2022-04-03 9:19
2022-03,경원선,1020,월계,193316,180334,2022-04-03 9:19
2022-03,경원선,1021,녹천,117925,99142,2022-04-03 9:19
2022-03,경원선,1022,창동,5,0,2022-04-03 9:19
2022-03,경원선,1901,방학,247551,243834,2022-04-03 9:19
2022-03,경원선,1902,도봉,150848,144423,2022-04-03 9:19
2022-03,경원선,1903,도봉산,215448,144170,2022-04-03 9:19
2022-03,경원선,1904,망월사,193461,197687,2022-04-03 9:19
2022-03,경원선,1905,회룡,315237,313530,2022-04-03 9:19
2022-03,경원선,1906,의정부,481979,495521,2022-04-03 9:19
2022-03,경원선,1907,가능,172020,165892,2022-04-03 9:19
2022-03,경원선,1908,녹양,116985,110761,2022-04-03 9:19
2022-03,경원선,1909,양주,201371,190027,2022-04-03 9:19
2022-03,경원선,1910,덕계,80032,72892,2022-04-03 9:19
2022-03,경원선,1911,덕정,157540,151944,2022-04-03 9:19
2022-03,경원선,1912,지행,168945,169112,2022-04-03 9:19
2022-03,경원선,1913,동두천중앙,80873,78054,2022-04-03 9:19
2022-03,경원선,1914,보산,42115,39086,2022-04-03 9:19
2022-03,경원선,1915,동두천,64193,70487,2022-04-03 9:19
2022-03,경원선,1916,소요산,74741,64146,2022-04-03 9:19
2022-03,안산선,1751,산본,393704,423643,2022-04-03 9:19
2022-03,안산선,1752,대야미,127130,115480,2022-04-03 9:19
2022-03,안산선,1753,반월,109923,106424,2022-04-03 9:19
2022-03,안산선,1754,상록수,412412,418870,2022-04-03 9:19
2022-03,안산선,1755,한대앞,261778,261549,2022-04-03 9:19
2022-03,안산선,1756,중앙,462642,477982,2022-04-03 9:19
2022-03,안산선,1757,고잔,219129,208536,2022-04-03 9:19
2022-03,안산선,1758,초지,122675,130219,2022-04-03 9:19
2022-03,안산선,1759,안산,303061,278840,2022-04-03 9:19
2022-03,안산선,1760,신길온천,44732,41679,2022-04-03 9:19
2022-03,안산선,1761,정왕,254750,260995,2022-04-03 9:19
2022-03,안산선,1762,오이도,214226,212446,2022-04-03 9:19
2022-03,안산선,1763,수리산,105230,87715,2022-04-03 9:19
2022-03,과천선,1450,선바위,194782,174327,2022-04-03 9:19
2022-03,과천선,1451,경마공원,110717,111668,2022-04-03 9:19
2022-03,과천선,1452,대공원,78214,81424,2022-04-03 9:19
2022-03,과천선,1453,과천,153287,143028,2022-04-03 9:19
2022-03,과천선,1454,정부과천청사,244329,244128,2022-04-03 9:19
2022-03,과천선,1455,인덕원,580094,598267,2022-04-03 9:19
2022-03,과천선,1456,평촌,411580,403066,2022-04-03 9:19
2022-03,과천선,1457,범계,644804,639324,2022-04-03 9:19
2022-03,분당선,1023,선릉,289818,436287,2022-04-03 9:19
2022-03,분당선,1024,한티,362428,379592,2022-04-03 9:19
2022-03,분당선,1025,도곡,164587,161160,2022-04-03 9:19
2022-03,분당선,1026,구룡,56419,54379,2022-04-03 9:19
2022-03,분당선,1027,개포동,92897,95971,2022-04-03 9:19
2022-03,분당선,1028,대모산입구,109246,102945,2022-04-03 9:19
2022-03,분당선,1030,수서,334135,339484,2022-04-03 9:19
2022-03,분당선,1031,복정,14,0,2022-04-03 9:19
2022-03,분당선,1846,수원,215531,177608,2022-04-03 9:19
2022-03,분당선,1847,서울숲,250910,255233,2022-04-03 9:19
2022-03,분당선,1848,압구정로데오,483837,530794,2022-04-03 9:19
2022-03,분당선,1849,강남구청,231146,267470,2022-04-03 9:19
2022-03,분당선,1850,선정릉,180723,191211,2022-04-03 9:19
2022-03,분당선,1851,가천대,211754,235421,2022-04-03 9:19
2022-03,분당선,1852,태평,342804,331866,2022-04-03 9:19
2022-03,분당선,1853,모란,535957,547312,2022-04-03 9:19
2022-03,분당선,1854,야탑,635763,656137,2022-04-03 9:19
2022-03,분당선,1855,서현,605216,611790,2022-04-03 9:19
2022-03,분당선,1856,수내,316041,313404,2022-04-03 9:19
2022-03,분당선,1857,정자,401246,422389,2022-04-03 9:19
2022-03,분당선,1858,미금,379120,401462,2022-04-03 9:19
2022-03,분당선,1859,오리,281327,233750,2022-04-03 9:19
2022-03,분당선,1860,이매,141636,134601,2022-04-03 9:19
2022-03,분당선,1861,보정,60668,53876,2022-04-03 9:19
2022-03,분당선,1862,죽전,347416,381844,2022-04-03 9:19
2022-03,분당선,1863,구성,120319,126803,2022-04-03 9:19
2022-03,분당선,1864,신갈,106209,107394,2022-04-03 9:19
2022-03,분당선,1865,기흥,238616,225937,2022-04-03 9:19
2022-03,분당선,1866,상갈,130475,127948,2022-04-03 9:19
2022-03,분당선,1867,청명,103394,102291,2022-04-03 9:19
2022-03,분당선,1868,영통,211928,214482,2022-04-03 9:19
2022-03,분당선,1869,망포,346890,331502,2022-04-03 9:19
2022-03,분당선,1870,매탄권선,125212,121444,2022-04-03 9:19
2022-03,분당선,1871,수원시청,322056,342122,2022-04-03 9:19
2022-03,분당선,1872,매교,78507,78419,2022-04-03 9:19
2022-03,일산선,1948,원흥,257696,246921,2022-04-03 9:19
2022-03,일산선,1949,지축,9,0,2022-04-03 9:19
2022-03,일산선,1950,삼송,484338,471807,2022-04-03 9:19
2022-03,일산선,1951,원당,278008,264630,2022-04-03 9:19
2022-03,일산선,1952,화정,418452,430694,2022-04-03 9:19
2022-03,일산선,1953,대곡,50279,41062,2022-04-03 9:19
2022-03,일산선,1954,백석,242468,241401,2022-04-03 9:19
2022-03,일산선,1955,마두,178544,182658,2022-04-03 9:19
2022-03,일산선,1956,정발산,184023,186150,2022-04-03 9:19
2022-03,일산선,1957,주엽,216682,218114,2022-04-03 9:19
2022-03,일산선,1958,대화,307736,256435,2022-04-03 9:19
2022-03,중앙선,1015,회기,634136,616712,2022-04-03 9:19
2022-03,중앙선,1201,중랑,142504,136215,2022-04-03 9:19
2022-03,중앙선,1202,상봉(시외버스터미널),143906,144428,2022-04-03 9:19
2022-03,중앙선,1203,망우,196035,193158,2022-04-03 9:19
2022-03,중앙선,1204,양원,67725,65352,2022-04-03 9:19
2022-03,중앙선,1205,구리,329339,337884,2022-04-03 9:19
2022-03,중앙선,1206,도농,252316,233735,2022-04-03 9:19
2022-03,중앙선,1207,양정,19106,16168,2022-04-03 9:19
2022-03,중앙선,1208,덕소,137921,140822,2022-04-03 9:19
2022-03,중앙선,1209,도심,58474,47373,2022-04-03 9:19
2022-03,중앙선,1210,팔당,25939,27012,2022-04-03 9:19
2022-03,중앙선,1211,운길산,23039,21782,2022-04-03 9:19
2022-03,중앙선,1212,양수,49248,48940,2022-04-03 9:19
2022-03,중앙선,1213,신원,6313,5413,2022-04-03 9:19
2022-03,중앙선,1214,국수,18607,18576,2022-04-03 9:19
2022-03,중앙선,1215,아신,14079,13752,2022-04-03 9:19
2022-03,중앙선,1216,오빈,7835,7676,2022-04-03 9:19
2022-03,중앙선,1217,양평,73607,74430,2022-04-03 9:19
2022-03,중앙선,1218,원덕,9953,9564,2022-04-03 9:19
2022-03,중앙선,1219,용문,51861,51194,2022-04-03 9:19
2022-03,중앙선,1220,지평,1706,1933,2022-04-03 9:19
2022-03,장항선,1401,봉명,30895,29829,2022-04-03 9:19
2022-03,장항선,1402,쌍용(나사렛대),67086,62651,2022-04-03 9:19
2022-03,장항선,1403,아산,101698,87534,2022-04-03 9:19
2022-03,장항선,1404,탕정,19811,18068,2022-04-03 9:19
2022-03,장항선,1405,배방,30725,30414,2022-04-03 9:19
2022-03,장항선,1407,온양온천,101599,104967,2022-04-03 9:19
2022-03,장항선,1408,신창(순천향대),73241,69575,2022-04-03 9:19
2022-03,경의선,1252,신촌,19748,24517,2022-04-03 9:19
2022-03,경의선,1261,효창공원앞,72976,80147,2022-04-03 9:19
2022-03,경의선,1263,서강대,54082,53569,2022-04-03 9:19
2022-03,경의선,1265,가좌,131596,128094,2022-04-03 9:19
2022-03,경의선,1267,수색,66004,68333,2022-04-03 9:19
2022-03,경의선,1268,화전,80099,75645,2022-04-03 9:19
2022-03,경의선,1269,강매,78061,68882,2022-04-03 9:19
2022-03,경의선,1270,행신,190419,194405,2022-04-03 9:19
2022-03,경의선,1271,능곡,95642,90351,2022-04-03 9:19
2022-03,경의선,1272,곡산,14794,15477,2022-04-03 9:19
2022-03,경의선,1273,백마,171619,167130,2022-04-03 9:19
2022-03,경의선,1274,풍산,139105,130326,2022-04-03 9:19
2022-03,경의선,1275,일산,234131,231522,2022-04-03 9:19
2022-03,경의선,1276,탄현,189747,182641,2022-04-03 9:19
2022-03,경의선,1277,야당,189508,188420,2022-04-03 9:19
2022-03,경의선,1278,운정,172146,163918,2022-04-03 9:19
2022-03,경의선,1279,금릉,120144,117573,2022-04-03 9:19
2022-03,경의선,1280,금촌,163326,163642,2022-04-03 9:19
2022-03,경의선,1282,월롱,69569,67692,2022-04-03 9:19
2022-03,경의선,1283,파주,36897,26887,2022-04-03 9:19
2022-03,경의선,1284,문산,128771,128536,2022-04-03 9:19
2022-03,경의선,1285,임진강,542,383,2022-04-03 9:19
2022-03,경의선,1291,서울역,92531,114235,2022-04-03 9:19
2022-03,경의선,1292,공덕,83647,72520,2022-04-03 9:19
2022-03,경의선,1293,홍대입구,45423,52027,2022-04-03 9:19
2022-03,경의선,1294,디지털미디어시티,61683,57523,2022-04-03 9:19
2022-03,경의선,1296,계양,3,0,2022-04-03 9:19
2022-03,경의선,1297,검암,2,0,2022-04-03 9:19
2022-03,경춘선,1311,신내,52970,50125,2022-04-03 9:19
2022-03,경춘선,1312,갈매,73743,64478,2022-04-03 9:19
2022-03,경춘선,1313,별내,82091,78344,2022-04-03 9:19
2022-03,경춘선,1314,퇴계원,88033,81832,2022-04-03 9:19
2022-03,경춘선,1315,사릉,74247,72493,2022-04-03 9:19
2022-03,경춘선,1316,금곡,38183,36849,2022-04-03 9:19
2022-03,경춘선,1317,평내호평,154554,151803,2022-04-03 9:19
2022-03,경춘선,1318,천마산,43559,41381,2022-04-03 9:19
2022-03,경춘선,1319,마석,100324,99528,2022-04-03 9:19
2022-03,경춘선,1320,대성리,12802,11476,2022-04-03 9:19
2022-03,경춘선,1321,청평,39957,39464,2022-04-03 9:19
2022-03,경춘선,1322,상천,7302,6697,2022-04-03 9:19
2022-03,경춘선,1323,가평,38352,37842,2022-04-03 9:19
2022-03,경춘선,1324,굴봉산,3294,3307,2022-04-03 9:19
2022-03,경춘선,1325,백양리,2705,2504,2022-04-03 9:19
2022-03,경춘선,1326,강촌,11107,10976,2022-04-03 9:19
2022-03,경춘선,1327,김유정,8285,8728,2022-04-03 9:19
2022-03,경춘선,1328,남춘천,69871,69426,2022-04-03 9:19
2022-03,경춘선,1329,춘천,39900,35924,2022-04-03 9:19
2022-03,수인선,1873,고색,123320,119206,2022-04-03 9:19
2022-03,수인선,1874,오목천,83596,77777,2022-04-03 9:19
2022-03,수인선,1875,어천,18841,19329,2022-04-03 9:19
2022-03,수인선,1876,야목,9536,7424,2022-04-03 9:19
2022-03,수인선,1877,사리,119787,106644,2022-04-03 9:19
2022-03,수인선,1878,달월,2541,1694,2022-04-03 9:19
2022-03,수인선,1879,월곶,70482,65508,2022-04-03 9:19
2022-03,수인선,1880,소래포구,133718,126780,2022-04-03 9:19
2022-03,수인선,1881,인천논현,139036,148713,2022-04-03 9:19
2022-03,수인선,1882,호구포,100332,103999,2022-04-03 9:19
2022-03,수인선,1883,남동인더스파크,53739,59040,2022-04-03 9:19
2022-03,수인선,1884,원인재,113572,120091,2022-04-03 9:19
2022-03,수인선,1885,연수,120590,119210,2022-04-03 9:19
2022-03,수인선,1886,송도,63632,60047,2022-04-03 9:19
2022-03,수인선,1888,인하대,167019,158721,2022-04-03 9:19
2022-03,수인선,1889,숭의,99882,93016,2022-04-03 9:19
2022-03,수인선,1890,신포,46855,46598,2022-04-03 9:19
2022-03,수인선,1891,인천,27794,44810,2022-04-03 9:19
2022-03,경강선,1501,판교,111620,109477,2022-04-03 9:19
2022-03,경강선,1502,이매,27639,23322,2022-04-03 9:19
2022-03,경강선,1503,삼동,56577,52889,2022-04-03 9:19
2022-03,경강선,1504,경기광주,187684,180021,2022-04-03 9:19
2022-03,경강선,1505,초월,76811,73722,2022-04-03 9:19
2022-03,경강선,1506,곤지암,54998,55600,2022-04-03 9:19
2022-03,경강선,1507,신둔도예촌,39567,36386,2022-04-03 9:19
2022-03,경강선,1508,이천,67847,70650,2022-04-03 9:19
2022-03,경강선,1509,부발,56660,55367,2022-04-03 9:19
2022-03,경강선,1510,세종대왕릉,7864,7933,2022-04-03 9:19
2022-03,경강선,1511,여주,61776,62034,2022-04-03 9:19
2022-03,5호선,2511,방화,162480,156918,2022-04-03 9:19
2022-03,5호선,2512,개화산,137020,132680,2022-04-03 9:19
2022-03,5호선,2513,김포공항,188219,183239,2022-04-03 9:19
2022-03,5호선,2514,송정,162877,155919,2022-04-03 9:19
2022-03,5호선,2515,마곡,247667,248087,2022-04-03 9:19
2022-03,5호선,2516,발산,493288,503391,2022-04-03 9:19
2022-03,5호선,2517,우장산,352856,349039,2022-04-03 9:19
2022-03,5호선,2518,화곡,698762,656106,2022-04-03 9:19
2022-03,5호선,2519,까치산,717026,691396,2022-04-03 9:19
2022-03,5호선,2520,신정(은행정),336077,279245,2022-04-03 9:19
2022-03,5호선,2521,목동,400880,428333,2022-04-03 9:19
2022-03,5호선,2522,오목교(목동운동장앞),520033,551817,2022-04-03 9:19
2022-03,5호선,2523,양평,173703,171243,2022-04-03 9:19
2022-03,5호선,2524,영등포구청,91604,93340,2022-04-03 9:19
2022-03,5호선,2525,영등포시장,247531,255071,2022-04-03 9:19
2022-03,5호선,2526,신길,99008,106783,2022-04-03 9:19
2022-03,5호선,2527,여의도,624818,651697,2022-04-03 9:19
2022-03,5호선,2528,여의나루,263444,296801,2022-04-03 9:19
2022-03,5호선,2529,마포,327258,334406,2022-04-03 9:19
2022-03,5호선,2530,공덕,312451,328283,2022-04-03 9:19
2022-03,5호선,2531,애오개,158075,159174,2022-04-03 9:19
2022-03,5호선,2532,충정로(경기대입구),107196,107757,2022-04-03 9:19
2022-03,5호선,2533,서대문,422147,422793,2022-04-03 9:19
2022-03,5호선,2534,광화문(세종문화회관),661497,687952,2022-04-03 9:19
2022-03,5호선,2535,종로3가,308786,306359,2022-04-03 9:19
2022-03,5호선,2536,을지로4가,139790,142226,2022-04-03 9:19
2022-03,5호선,2537,동대문역사문화공원(DDP),63227,73598,2022-04-03 9:19
2022-03,5호선,2538,청구,98401,89046,2022-04-03 9:19
2022-03,5호선,2539,신금호,155935,162590,2022-04-03 9:19
2022-03,5호선,2540,행당,193549,174125,2022-04-03 9:19
2022-03,5호선,2541,왕십리(성동구청),113739,129848,2022-04-03 9:19
2022-03,5호선,2542,마장,140471,133000,2022-04-03 9:19
2022-03,5호선,2543,답십리,385665,356324,2022-04-03 9:19
2022-03,5호선,2544,장한평,439764,436838,2022-04-03 9:19
2022-03,5호선,2545,군자(능동),278374,306823,2022-04-03 9:19
2022-03,5호선,2546,아차산(어린이대공원후문),389277,378592,2022-04-03 9:19
2022-03,5호선,2547,광나루(장신대),328380,303139,2022-04-03 9:19
2022-03,5호선,2548,천호(풍납토성),459866,451887,2022-04-03 9:19
2022-03,5호선,2549,강동,453404,437170,2022-04-03 9:19
2022-03,5호선,2550,길동,199294,207623,2022-04-03 9:19
2022-03,5호선,2551,굽은다리(강동구민회관앞),233935,222336,2022-04-03 9:19
2022-03,5호선,2552,명일,211518,217418,2022-04-03 9:19
2022-03,5호선,2553,고덕,230753,229768,2022-04-03 9:19
2022-03,5호선,2554,상일동,351553,332366,2022-04-03 9:19
2022-03,5호선,2555,둔촌동,211973,211809,2022-04-03 9:19
2022-03,5호선,2556,올림픽공원(한국체대),104569,91328,2022-04-03 9:19
2022-03,5호선,2557,방이,174733,179125,2022-04-03 9:19
2022-03,5호선,2558,오금,90554,89346,2022-04-03 9:19
2022-03,5호선,2559,개롱,154211,161681,2022-04-03 9:19
2022-03,5호선,2560,거여,242547,232547,2022-04-03 9:19
2022-03,5호선,2561,마천,174758,172392,2022-04-03 9:19
2022-03,5호선,2562,강일,98926,93875,2022-04-03 9:19
2022-03,5호선,2563,미사,390189,390778,2022-04-03 9:19
2022-03,5호선,2564,하남풍산,103982,103744,2022-04-03 9:19
2022-03,5호선,2565,하남시청(덕풍·신장),167865,164720,2022-04-03 9:19
2022-03,5호선,2566,하남검단산,145310,141489,2022-04-03 9:19
2022-03,6호선,2611,응암,433141,431322,2022-04-03 9:19
2022-03,6호선,2612,역촌,93934,110403,2022-04-03 9:19
2022-03,6호선,2613,불광,108619,105452,2022-04-03 9:19
2022-03,6호선,2614,독바위,67040,73158,2022-04-03 9:19
2022-03,6호선,2615,연신내,21,0,2022-04-03 9:19
2022-03,6호선,2616,구산,189651,142846,2022-04-03 9:19
2022-03,6호선,2617,새절(신사),314959,298424,2022-04-03 9:19
2022-03,6호선,2618,증산(명지대앞),250406,251401,2022-04-03 9:19
2022-03,6호선,2619,디지털미디어시티,316538,340332,2022-04-03 9:19
2022-03,6호선,2620,월드컵경기장(성산),137511,152117,2022-04-03 9:19
2022-03,6호선,2621,마포구청,348157,314554,2022-04-03 9:19
2022-03,6호선,2622,망원,356752,380718,2022-04-03 9:19
2022-03,6호선,2623,합정,335115,325785,2022-04-03 9:19
2022-03,6호선,2624,상수,230116,254805,2022-04-03 9:19
2022-03,6호선,2625,광흥창(서강),214067,208373,2022-04-03 9:19
2022-03,6호선,2626,대흥(서강대앞),204043,210651,2022-04-03 9:19
2022-03,6호선,2627,공덕,419299,403310,2022-04-03 9:19
2022-03,6호선,2628,효창공원앞,171638,160574,2022-04-03 9:19
2022-03,6호선,2629,삼각지,156048,134810,2022-04-03 9:19
2022-03,6호선,2630,녹사평(용산구청),122632,124496,2022-04-03 9:19
2022-03,6호선,2631,이태원,278450,281803,2022-04-03 9:19
2022-03,6호선,2632,한강진,196832,230825,2022-04-03 9:19
2022-03,6호선,2633,버티고개,49540,50920,2022-04-03 9:19
2022-03,6호선,2634,약수,87403,86847,2022-04-03 9:19
2022-03,6호선,2635,청구,90403,97085,2022-04-03 9:19
2022-03,6호선,2636,신당,194944,203876,2022-04-03 9:19
2022-03,6호선,2637,동묘앞,205608,205995,2022-04-03 9:19
2022-03,6호선,2638,창신,86337,73533,2022-04-03 9:19
2022-03,6호선,2639,보문,182712,169254,2022-04-03 9:19
2022-03,6호선,2640,안암(고대병원앞),314499,313547,2022-04-03 9:19
2022-03,6호선,2641,고려대(종암),203950,200732,2022-04-03 9:19
2022-03,6호선,2642,월곡(동덕여대),293199,290439,2022-04-03 9:19
2022-03,6호선,2643,상월곡(한국과학기술연구원),156322,142293,2022-04-03 9:19
2022-03,6호선,2644,돌곶이,234293,219391,2022-04-03 9:19
2022-03,6호선,2645,석계,308912,322680,2022-04-03 9:19
2022-03,6호선,2646,태릉입구,138842,151704,2022-04-03 9:19
2022-03,6호선,2647,화랑대(서울여대입구),288856,230053,2022-04-03 9:19
2022-03,6호선,2648,봉화산(서울의료원),209169,199914,2022-04-03 9:19
2022-03,6호선,2649,신내,12,0,2022-04-03 9:19
2022-03,7호선,2711,장암,53919,23436,2022-04-03 9:19
2022-03,7호선,2712,도봉산,229024,276163,2022-04-03 9:19
2022-03,7호선,2713,수락산,316534,310678,2022-04-03 9:19
2022-03,7호선,2714,마들,313126,299033,2022-04-03 9:19
2022-03,7호선,2715,노원,489711,505749,2022-04-03 9:19
2022-03,7호선,2716,중계,351273,322822,2022-04-03 9:19
2022-03,7호선,2717,하계,437053,412642,2022-04-03 9:19
2022-03,7호선,2718,공릉(서울과학기술대),317433,313252,2022-04-03 9:19
2022-03,7호선,2719,태릉입구,216022,206091,2022-04-03 9:19
2022-03,7호선,2720,먹골,257010,250633,2022-04-03 9:19
2022-03,7호선,2721,중화,268135,263574,2022-04-03 9:19
2022-03,7호선,2722,상봉(시외버스터미널),416246,390667,2022-04-03 9:19
2022-03,7호선,2723,면목,404460,394652,2022-04-03 9:19
2022-03,7호선,2724,사가정,402820,404805,2022-04-03 9:19
2022-03,7호선,2725,용마산(용마폭포공원),150965,148840,2022-04-03 9:19
2022-03,7호선,2726,중곡,268569,252625,2022-04-03 9:19
2022-03,7호선,2727,군자(능동),368722,294185,2022-04-03 9:19
2022-03,7호선,2728,어린이대공원(세종대),357719,362371,2022-04-03 9:19
2022-03,7호선,2729,건대입구,322851,336117,2022-04-03 9:19
2022-03,7호선,2730,뚝섬유원지,218543,211991,2022-04-03 9:19
2022-03,7호선,2731,청담,450680,499998,2022-04-03 9:19
2022-03,7호선,2732,강남구청,379190,415861,2022-04-03 9:19
2022-03,7호선,2733,학동,546223,577989,2022-04-03 9:19
2022-03,7호선,2734,논현,465343,502991,2022-04-03 9:19
2022-03,7호선,2735,반포,142384,137297,2022-04-03 9:19
2022-03,7호선,2736,고속터미널,386181,315908,2022-04-03 9:19
2022-03,7호선,2737,내방,339437,347094,2022-04-03 9:19
2022-03,7호선,2738,이수,384518,369656,2022-04-03 9:19
2022-03,7호선,2739,남성,270573,254076,2022-04-03 9:19
2022-03,7호선,2740,숭실대입구(살피재),348397,356182,2022-04-03 9:19
2022-03,7호선,2741,상도,275814,270463,2022-04-03 9:19
2022-03,7호선,2742,장승배기,223657,219023,2022-04-03 9:19
2022-03,7호선,2743,신대방삼거리,410854,395374,2022-04-03 9:19
2022-03,7호선,2744,보라매,239750,237410,2022-04-03 9:19
2022-03,7호선,2745,신풍,282587,272021,2022-04-03 9:19
2022-03,7호선,2746,대림(구로구청),202863,203569,2022-04-03 9:19
2022-03,7호선,2747,남구로,371902,388920,2022-04-03 9:19
2022-03,7호선,2748,가산디지털단지,990606,985370,2022-04-03 9:19
2022-03,7호선,2749,철산,502704,512501,2022-04-03 9:19
2022-03,7호선,2750,광명사거리,552480,545716,2022-04-03 9:19
2022-03,7호선,2751,천왕,271547,259777,2022-04-03 9:19
2022-03,7호선,2752,온수(성공회대입구),245884,232531,2022-04-03 9:19
2022-03,7호선,2753,까치울,5,0,2022-04-03 9:19
2022-03,7호선,2754,부천종합운동장,2,0,2022-04-03 9:19
2022-03,7호선,2755,춘의,8,0,2022-04-03 9:19
2022-03,7호선,2756,신중동,7,0,2022-04-03 9:19
2022-03,7호선,2757,부천시청,13,0,2022-04-03 9:19
2022-03,7호선,2758,상동,11,0,2022-04-03 9:19
2022-03,7호선,2759,삼산체육관,1,0,2022-04-03 9:19
2022-03,7호선,2760,굴포천,4,0,2022-04-03 9:19
2022-03,7호선,2761,부평구청,2,0,2022-04-03 9:19
2022-03,8호선,2811,암사,453801,407042,2022-04-03 9:19
2022-03,8호선,2812,천호(풍납토성),366109,421823,2022-04-03 9:19
2022-03,8호선,2813,강동구청,249381,257120,2022-04-03 9:19
2022-03,8호선,2814,몽촌토성(평화의문),147547,148755,2022-04-03 9:19
2022-03,8호선,2815,잠실(송파구청),341524,392152,2022-04-03 9:19
2022-03,8호선,2816,석촌,190949,220732,2022-04-03 9:19
2022-03,8호선,2817,송파,183323,186149,2022-04-03 9:19
2022-03,8호선,2818,가락시장,184553,204401,2022-04-03 9:19
2022-03,8호선,2819,문정,494338,516551,2022-04-03 9:19
2022-03,8호선,2820,장지,419494,408696,2022-04-03 9:19
2022-03,8호선,2821,복정,236125,201927,2022-04-03 9:19
2022-03,8호선,2822,산성,133682,134313,2022-04-03 9:19
2022-03,8호선,2823,남한산성입구(성남법원.검찰청),361116,335331,2022-04-03 9:19
2022-03,8호선,2824,단대오거리,276229,263401,2022-04-03 9:19
2022-03,8호선,2825,신흥,106153,113846,2022-04-03 9:19
2022-03,8호선,2826,수진,135722,124802,2022-04-03 9:19
2022-03,8호선,2827,모란,120780,97500,2022-04-03 9:19
2022-03,8호선,2828,남위례,109447,115019,2022-04-03 9:19
2022-03,9호선,4101,개화,56737,43522,2022-04-03 9:19
2022-03,9호선,4102,김포공항,186217,285596,2022-04-03 9:19
2022-03,9호선,4103,공항시장,76750,82753,2022-04-03 9:19
2022-03,9호선,4104,신방화,168814,163856,2022-04-03 9:19
2022-03,9호선,4105,마곡나루(서울식물원),290530,285667,2022-04-03 9:19
2022-03,9호선,4106,양천향교,237219,240148,2022-04-03 9:19
2022-03,9호선,4107,가양,494459,479904,2022-04-03 9:19
2022-03,9호선,4108,증미,171188,168233,2022-04-03 9:19
2022-03,9호선,4109,등촌,272297,264781,2022-04-03 9:19
2022-03,9호선,4110,염창,413601,402109,2022-04-03 9:19
2022-03,9호선,4111,신목동,95034,83794,2022-04-03 9:19
2022-03,9호선,4112,선유도,195704,186571,2022-04-03 9:19
2022-03,9호선,4113,당산,436501,431249,2022-04-03 9:19
2022-03,9호선,4114,국회의사당,331581,340029,2022-04-03 9:19
2022-03,9호선,4115,여의도,602599,577701,2022-04-03 9:19
2022-03,9호선,4116,샛강,128548,132477,2022-04-03 9:19
2022-03,9호선,4117,노량진,643661,627736,2022-04-03 9:19
2022-03,9호선,4118,노들,108686,92816,2022-04-03 9:19
2022-03,9호선,4119,흑석(중앙대입구),221753,224626,2022-04-03 9:19
2022-03,9호선,4120,동작(현충원),53279,42806,2022-04-03 9:19
2022-03,9호선,4121,구반포,32386,33415,2022-04-03 9:19
2022-03,9호선,4122,신반포,82558,80279,2022-04-03 9:19
2022-03,9호선,4123,고속터미널,303495,390712,2022-04-03 9:19
2022-03,9호선,4124,사평,81755,80413,2022-04-03 9:19
2022-03,9호선,4125,신논현,759196,748866,2022-04-03 9:19
2022-03,공항철도 1호선,4201,서울역,195319,180011,2022-04-03 9:19
2022-03,공항철도 1호선,4202,공덕,53473,70957,2022-04-03 9:19
2022-03,공항철도 1호선,4203,홍대입구,256902,253353,2022-04-03 9:19
2022-03,공항철도 1호선,4204,디지털미디어시티,305760,280732,2022-04-03 9:19
2022-03,공항철도 1호선,4206,마곡나루(서울식물원),189701,187921,2022-04-03 9:19
2022-03,공항철도 1호선,4207,김포공항,309400,169106,2022-04-03 9:19
2022-03,공항철도 1호선,4208,계양,248988,237163,2022-04-03 9:19
2022-03,공항철도 1호선,4209,검암,158516,158108,2022-04-03 9:19
2022-03,공항철도 1호선,4210,청라국제도시,160905,152973,2022-04-03 9:19
2022-03,공항철도 1호선,4211,운서,176854,179227,2022-04-03 9:19
2022-03,공항철도 1호선,4212,공항화물청사,57646,61211,2022-04-03 9:19
2022-03,공항철도 1호선,4213,인천공항1터미널,101880,106555,2022-04-03 9:19
2022-03,공항철도 1호선,4215,인천공항2터미널,61411,58563,2022-04-03 9:19
2022-03,공항철도 1호선,4217,영종,78781,78856,2022-04-03 9:19
2022-03,9호선2~3단계,4126,언주,239307,244626,2022-04-03 9:19
2022-03,9호선2~3단계,4127,선정릉,215333,237250,2022-04-03 9:19
2022-03,9호선2~3단계,4128,삼성중앙,150071,158290,2022-04-03 9:19
2022-03,9호선2~3단계,4129,봉은사,377617,386998,2022-04-03 9:19
2022-03,9호선2~3단계,4130,종합운동장,99894,100417,2022-04-03 9:19
2022-03,9호선2~3단계,4131,삼전,170703,164952,2022-04-03 9:19
2022-03,9호선2~3단계,4132,석촌고분,147661,145185,2022-04-03 9:19
2022-03,9호선2~3단계,4133,석촌,207330,181908,2022-04-03 9:19
2022-03,9호선2~3단계,4134,송파나루,126734,134096,2022-04-03 9:19
2022-03,9호선2~3단계,4135,한성백제,61210,55300,2022-04-03 9:19
2022-03,9호선2~3단계,4136,올림픽공원(한국체대),149951,149590,2022-04-03 9:19
2022-03,9호선2~3단계,4137,둔촌오륜,28248,27034,2022-04-03 9:19
2022-03,9호선2~3단계,4138,중앙보훈병원,240619,214629,2022-04-03 9:19
2022-03,우이신설선,4701,북한산우이,76613,72021,2022-04-03 9:19
2022-03,우이신설선,4702,솔밭공원,61830,59427,2022-04-03 9:19
2022-03,우이신설선,4703,4.19민주묘지,88702,83991,2022-04-03 9:19
2022-03,우이신설선,4704,가오리,104235,102648,2022-04-03 9:19
2022-03,우이신설선,4705,화계,86316,81198,2022-04-03 9:19
2022-03,우이신설선,4706,삼양,51539,54105,2022-04-03 9:19
2022-03,우이신설선,4707,삼양사거리,62837,63114,2022-04-03 9:19
2022-03,우이신설선,4708,솔샘,141419,133171,2022-04-03 9:19
2022-03,우이신설선,4709,북한산보국문,155616,146763,2022-04-03 9:19
2022-03,우이신설선,4710,정릉,118660,106828,2022-04-03 9:19
2022-03,우이신설선,4711,성신여대입구(돈암),88629,97183,2022-04-03 9:19
2022-03,우이신설선,4712,보문,38702,38841,2022-04-03 9:19
2022-03,우이신설선,4713,신설동,54534,52595,2022-04-03 9:19
