사용월,호선명,역ID,지하철역,유임승차,유임하차,무임승차,무임하차,작업일시
2022-03,1호선,0150,서울역,833821,807248,150825,142726,2022-04-03 09:20:00
2022-03,1호선,0151,시청,429786,434811,71119,69058,2022-04-03 09:20:00
2022-03,1호선,0152,종각,653314,632588,109005,101720,2022-04-03 09:20:00
2022-03,1호선,0153,종로3가,366168,332493,246223,230337,2022-04-03 09:20:00
2022-03,1호선,0154,종로5가,325543,328725,224113,216032,2022-04-03 09:20:00
2022-03,1호선,0155,동대문,187477,172602,100814,99054,2022-04-03 09:20:00
2022-03,1호선,0156,신설동,240453,235811,101681,97083,2022-04-03 09:20:00
2022-03,1호선,0157,제기동,197833,192192,232534,248159,2022-04-03 09:20:00
2022-03,1호선,0158,청량리(서울시립대입구),284490,281683,225655,226970,2022-04-03 09:20:00
2022-03,1호선,0159,동묘앞,106636,116596,130243,132053,2022-04-03 09:20:00
2022-03,2호선,0201,시청,453815,434562,46521,41089,2022-04-03 09:20:00
2022-03,2호선,0202,을지로입구,779131,803763,76807,71809,2022-04-03 09:20:00
2022-03,2호선,0203,을지로3가,426990,424467,60184,59809,2022-04-03 09:20:00
2022-03,2호선,0204,을지로4가,224123,225394,70454,69115,2022-04-03 09:20:00
2022-03,2호선,0205,동대문역사문화공원(DDP),259231,296306,46174,49772,2022-04-03 09:20:00
2022-03,2호선,0206,신당,266007,276043,79599,81021,2022-04-03 09:20:00
2022-03,2호선,0207,상왕십리,288750,280207,55258,56239,2022-04-03 09:20:00
2022-03,2호선,0208,왕십리(성동구청),379326,308118,43158,36581,2022-04-03 09:20:00
2022-03,2호선,0209,한양대,316831,351060,11240,11739,2022-04-03 09:20:00
2022-03,2호선,0210,뚝섬,464213,498128,48737,49005,2022-04-03 09:20:00
2022-03,2호선,0211,성수,772499,850668,88991,91039,2022-04-03 09:20:00
2022-03,2호선,0212,건대입구,858092,902946,75169,78441,2022-04-03 09:20:00
2022-03,2호선,0213,구의(광진구청),491418,482756,86244,88358,2022-04-03 09:20:00
2022-03,2호선,0214,강변(동서울터미널),644933,612418,87035,84356,2022-04-03 09:20:00
2022-03,2호선,0215,잠실나루,261761,252595,65301,65517,2022-04-03 09:20:00
2022-03,2호선,0216,잠실(송파구청),1495823,1473370,141246,134004,2022-04-03 09:20:00
2022-03,2호선,0217,잠실새내,429193,431199,82744,83372,2022-04-03 09:20:00
2022-03,2호선,0218,종합운동장,196052,211974,33281,33897,2022-04-03 09:20:00
2022-03,2호선,0219,삼성(무역센터),1054591,1070571,92991,85475,2022-04-03 09:20:00
2022-03,2호선,0220,선릉,1053811,938365,179951,160006,2022-04-03 09:20:00
2022-03,2호선,0221,역삼,980584,1109153,123484,125019,2022-04-03 09:20:00
2022-03,2호선,0222,강남,1810420,1793185,143683,128551,2022-04-03 09:20:00
2022-03,2호선,0223,교대(법원.검찰청),650394,732277,116924,129957,2022-04-03 09:20:00
2022-03,2호선,0224,서초,434455,412227,60802,59795,2022-04-03 09:20:00
2022-03,2호선,0225,방배,381618,400783,58289,57585,2022-04-03 09:20:00
2022-03,2호선,0226,사당,748353,841396,141251,137024,2022-04-03 09:20:00
2022-03,2호선,0227,낙성대(강감찬),600024,582461,85686,86988,2022-04-03 09:20:00
2022-03,2호선,0228,서울대입구(관악구청),1058413,1044074,151735,145315,2022-04-03 09:20:00
2022-03,2호선,0229,봉천,467693,428526,116557,117441,2022-04-03 09:20:00
2022-03,2호선,0230,신림,1411514,1361228,185934,189205,2022-04-03 09:20:00
2022-03,2호선,0231,신대방,555212,538249,103634,105161,2022-04-03 09:20:00
2022-03,2호선,0232,구로디지털단지,1235678,1230977,140298,141252,2022-04-03 09:20:00
2022-03,2호선,0233,대림(구로구청),493766,507181,97529,101912,2022-04-03 09:20:00
2022-03,2호선,0234,신도림,998400,1015456,156196,148683,2022-04-03 09:20:00
2022-03,2호선,0235,문래,431505,444625,70653,70016,2022-04-03 09:20:00
2022-03,2호선,0236,영등포구청,445026,461234,83831,82605,2022-04-03 09:20:00
2022-03,2호선,0237,당산,396301,456085,48301,52534,2022-04-03 09:20:00
2022-03,2호선,0238,합정,718072,755577,55834,55338,2022-04-03 09:20:00
2022-03,2호선,0239,홍대입구,1367435,1419821,77988,74947,2022-04-03 09:20:00
2022-03,2호선,0240,신촌,750227,750316,99791,96568,2022-04-03 09:20:00
2022-03,2호선,0241,이대,306997,326780,37654,39868,2022-04-03 09:20:00
2022-03,2호선,0242,아현,203069,194753,53489,52393,2022-04-03 09:20:00
2022-03,2호선,0243,충정로(경기대입구),189566,203885,40075,40418,2022-04-03 09:20:00
2022-03,2호선,0244,용답,66497,70865,16491,16275,2022-04-03 09:20:00
2022-03,2호선,0245,신답,31381,35788,8298,9000,2022-04-03 09:20:00
2022-03,2호선,0246,신설동,63491,63414,27266,29868,2022-04-03 09:20:00
2022-03,2호선,0247,도림천,27198,27945,6476,7054,2022-04-03 09:20:00
2022-03,2호선,0248,양천구청,125169,131073,38014,38548,2022-04-03 09:20:00
2022-03,2호선,0249,신정네거리,189924,196798,57731,59143,2022-04-03 09:20:00
2022-03,2호선,0250,용두(동대문구청),38471,38680,20627,21627,2022-04-03 09:20:00
2022-03,3호선,0309,지축,93844,88359,21497,20742,2022-04-03 09:20:00
2022-03,3호선,0310,구파발,406612,395412,95746,91787,2022-04-03 09:20:00
2022-03,3호선,0311,연신내,698681,658928,218497,212214,2022-04-03 09:20:00
2022-03,3호선,0312,불광,287084,310089,115949,126884,2022-04-03 09:20:00
2022-03,3호선,0313,녹번,312707,277423,63906,63349,2022-04-03 09:20:00
2022-03,3호선,0314,홍제,318311,301922,115240,113016,2022-04-03 09:20:00
2022-03,3호선,0315,무악재,69855,70520,23253,25552,2022-04-03 09:20:00
2022-03,3호선,0316,독립문,119581,129446,56005,55828,2022-04-03 09:20:00
2022-03,3호선,0317,경복궁(정부서울청사),437238,433878,65178,62142,2022-04-03 09:20:00
2022-03,3호선,0318,안국,420579,438969,61034,63448,2022-04-03 09:20:00
2022-03,3호선,0319,종로3가,187206,220923,48098,53105,2022-04-03 09:20:00
2022-03,3호선,0320,을지로3가,189475,194848,41076,38713,2022-04-03 09:20:00
2022-03,3호선,0321,충무로,31,0,2,0,2022-04-03 09:20:00
2022-03,3호선,0322,동대입구,186343,201599,26777,29493,2022-04-03 09:20:00
2022-03,3호선,0323,약수,247558,243042,66181,63030,2022-04-03 09:20:00
2022-03,3호선,0324,금호,147209,137663,44291,44023,2022-04-03 09:20:00
2022-03,3호선,0325,옥수,165846,175587,46772,47016,2022-04-03 09:20:00
2022-03,3호선,0326,압구정,646541,694951,103672,101484,2022-04-03 09:20:00
2022-03,3호선,0327,신사,687054,716760,61884,59429,2022-04-03 09:20:00
2022-03,3호선,0328,잠원,89479,88095,24778,23938,2022-04-03 09:20:00
2022-03,3호선,0329,고속터미널,898662,875195,134518,128315,2022-04-03 09:20:00
2022-03,3호선,0330,교대(법원.검찰청),270208,175943,51483,32208,2022-04-03 09:20:00
2022-03,3호선,0331,남부터미널(예술의전당),588090,599545,93402,94122,2022-04-03 09:20:00
2022-03,3호선,0332,양재(서초구청),752970,825003,119672,121102,2022-04-03 09:20:00
2022-03,3호선,0333,매봉,228372,220419,48904,45051,2022-04-03 09:20:00
2022-03,3호선,0334,도곡,103576,109112,19835,18283,2022-04-03 09:20:00
2022-03,3호선,0335,대치,223374,222093,50648,48465,2022-04-03 09:20:00
2022-03,3호선,0336,학여울,47725,51902,13407,12759,2022-04-03 09:20:00
2022-03,3호선,0337,대청,191449,175261,47387,45616,2022-04-03 09:20:00
2022-03,3호선,0338,일원,184937,177734,50481,50392,2022-04-03 09:20:00
2022-03,3호선,0339,수서,329581,335636,83451,83981,2022-04-03 09:20:00
2022-03,3호선,0340,가락시장,151083,148242,60712,59279,2022-04-03 09:20:00
2022-03,3호선,0341,경찰병원,136144,134990,32469,33601,2022-04-03 09:20:00
2022-03,3호선,0342,오금,121779,111562,23249,22621,2022-04-03 09:20:00
2022-03,4호선,0409,당고개,219710,198795,69902,69763,2022-04-03 09:20:00
2022-03,4호선,0410,상계,376100,346815,99028,96924,2022-04-03 09:20:00
2022-03,4호선,0411,노원,403837,459825,72029,72217,2022-04-03 09:20:00
2022-03,4호선,0412,창동,483370,515481,161384,166248,2022-04-03 09:20:00
2022-03,4호선,0413,쌍문,591594,537665,131458,130068,2022-04-03 09:20:00
2022-03,4호선,0414,수유(강북구청),699524,696213,157926,158764,2022-04-03 09:20:00
2022-03,4호선,0415,미아(서울사이버대학),290674,278482,90178,92940,2022-04-03 09:20:00
2022-03,4호선,0416,미아사거리,536081,518093,148851,148206,2022-04-03 09:20:00
2022-03,4호선,0417,길음,412471,408996,92953,93048,2022-04-03 09:20:00
2022-03,4호선,0418,성신여대입구(돈암),459388,438496,69863,68629,2022-04-03 09:20:00
2022-03,4호선,0419,한성대입구(삼선교),284717,279745,58654,57630,2022-04-03 09:20:00
2022-03,4호선,0420,혜화,705198,704935,104452,103035,2022-04-03 09:20:00
2022-03,4호선,0421,동대문,336011,354576,129892,126933,2022-04-03 09:20:00
2022-03,4호선,0422,동대문역사문화공원(DDP),315766,293176,47244,42606,2022-04-03 09:20:00
2022-03,4호선,0423,충무로,548816,562942,92368,92689,2022-04-03 09:20:00
2022-03,4호선,0424,명동,405490,420146,48687,49702,2022-04-03 09:20:00
2022-03,4호선,0425,회현(남대문시장),415086,447303,143542,144689,2022-04-03 09:20:00
2022-03,4호선,0426,서울역,212981,330184,30217,35010,2022-04-03 09:20:00
2022-03,4호선,0427,숙대입구(갈월),299179,290419,43122,40584,2022-04-03 09:20:00
2022-03,4호선,0428,삼각지,97741,114327,19174,20313,2022-04-03 09:20:00
2022-03,4호선,0429,신용산,329855,347577,40791,41059,2022-04-03 09:20:00
2022-03,4호선,0430,이촌(국립중앙박물관),140221,158152,35576,37125,2022-04-03 09:20:00
2022-03,4호선,0431,동작(현충원),24867,30333,14396,14295,2022-04-03 09:20:00
2022-03,4호선,0432,총신대입구(이수),337660,369685,124240,130459,2022-04-03 09:20:00
2022-03,4호선,0433,사당,542544,452349,68992,67588,2022-04-03 09:20:00
2022-03,4호선,0434,남태령,21894,17751,7209,6676,2022-04-03 09:20:00
2022-03,경부선,1001,서울역,148132,47351,8393,2096,2022-04-03 09:20:00
2022-03,경부선,1002,남영,197291,209880,29495,30458,2022-04-03 09:20:00
2022-03,경부선,1003,용산,739473,742075,94304,92700,2022-04-03 09:20:00
2022-03,경부선,1004,노량진,174660,177311,30861,28762,2022-04-03 09:20:00
2022-03,경부선,1005,대방,252691,262192,56541,55822,2022-04-03 09:20:00
2022-03,경부선,1006,영등포,781730,798453,192665,191097,2022-04-03 09:20:00
2022-03,경부선,1007,신도림,80016,75661,21502,23936,2022-04-03 09:20:00
2022-03,경부선,1032,신길,182926,152581,36887,34546,2022-04-03 09:20:00
2022-03,경부선,1701,구로,370122,386340,80082,76863,2022-04-03 09:20:00
2022-03,경부선,1702,가산디지털단지,375488,440517,29905,33660,2022-04-03 09:20:00
2022-03,경부선,1703,금천구청,223196,221713,65780,67261,2022-04-03 09:20:00
2022-03,경부선,1704,석수,198595,178324,39957,38479,2022-04-03 09:20:00
2022-03,경부선,1705,관악,139655,129366,42852,40944,2022-04-03 09:20:00
2022-03,경부선,1706,안양,513028,502625,92132,95437,2022-04-03 09:20:00
2022-03,경부선,1707,명학,208028,204922,35202,34560,2022-04-03 09:20:00
2022-03,경부선,1708,금정,561417,572046,95806,96808,2022-04-03 09:20:00
2022-03,경부선,1709,군포,158167,157739,29329,28940,2022-04-03 09:20:00
2022-03,경부선,1710,의왕,188531,188431,36342,36117,2022-04-03 09:20:00
2022-03,경부선,1711,성균관대,333785,332594,40877,41150,2022-04-03 09:20:00
2022-03,경부선,1712,화서,162722,156576,33807,33151,2022-04-03 09:20:00
2022-03,경부선,1713,수원,838932,887088,108646,111342,2022-04-03 09:20:00
2022-03,경부선,1714,독산,377345,388849,56725,57799,2022-04-03 09:20:00
2022-03,경부선,1715,세류,63780,58593,12444,12154,2022-04-03 09:20:00
2022-03,경부선,1716,병점,329229,335155,51495,51751,2022-04-03 09:20:00
2022-03,경부선,1717,세마,59617,56209,12223,11362,2022-04-03 09:20:00
2022-03,경부선,1718,오산대,83613,76590,13313,12474,2022-04-03 09:20:00
2022-03,경부선,1719,오산,227587,226670,37072,37953,2022-04-03 09:20:00
2022-03,경부선,1720,진위,35830,30897,6865,6386,2022-04-03 09:20:00
2022-03,경부선,1721,송탄,103733,100466,17346,16761,2022-04-03 09:20:00
2022-03,경부선,1722,서정리,167395,159271,25664,25238,2022-04-03 09:20:00
2022-03,경부선,1723,평택지제,83211,79219,9487,9057,2022-04-03 09:20:00
2022-03,경부선,1724,평택,294808,295637,50612,49843,2022-04-03 09:20:00
2022-03,경부선,1725,성환,109291,106796,15955,15796,2022-04-03 09:20:00
2022-03,경부선,1726,직산,17077,16734,3943,3849,2022-04-03 09:20:00
2022-03,경부선,1727,두정,172080,183909,18259,18348,2022-04-03 09:20:00
2022-03,경부선,1728,천안,140464,132362,38748,39489,2022-04-03 09:20:00
2022-03,경부선,1729,당정,132394,126090,24313,23228,2022-04-03 09:20:00
2022-03,경부선,1749,서동탄,27709,25019,6087,5618,2022-04-03 09:20:00
2022-03,경부선,1750,광명,73960,63058,7932,7457,2022-04-03 09:20:00
2022-03,경인선,1801,개봉,403700,382165,124614,125620,2022-04-03 09:20:00
2022-03,경인선,1802,오류동,225357,206693,75532,74202,2022-04-03 09:20:00
2022-03,경인선,1803,역곡,556881,545352,127742,130831,2022-04-03 09:20:00
2022-03,경인선,1804,부천,655549,656752,171614,173384,2022-04-03 09:20:00
2022-03,경인선,1805,송내,549249,546319,98915,97513,2022-04-03 09:20:00
2022-03,경인선,1806,부평,639952,684235,113604,115397,2022-04-03 09:20:00
2022-03,경인선,1807,백운,125439,123643,46884,47245,2022-04-03 09:20:00
2022-03,경인선,1808,동암,291322,293739,76908,78187,2022-04-03 09:20:00
2022-03,경인선,1809,주안,412981,374322,72561,65172,2022-04-03 09:20:00
2022-03,경인선,1810,제물포,211606,201401,52840,52296,2022-04-03 09:20:00
2022-03,경인선,1811,동인천,254394,241655,96539,93779,2022-04-03 09:20:00
2022-03,경인선,1812,인천,63903,45696,29577,27510,2022-04-03 09:20:00
2022-03,경인선,1813,구일,117308,116054,35682,35357,2022-04-03 09:20:00
2022-03,경인선,1814,소사,170564,164152,53667,52182,2022-04-03 09:20:00
2022-03,경인선,1815,부개,160841,148856,51399,50627,2022-04-03 09:20:00
2022-03,경인선,1816,간석,109626,103790,36295,35147,2022-04-03 09:20:00
2022-03,경인선,1817,도원,50845,48838,24605,26030,2022-04-03 09:20:00
2022-03,경인선,1821,온수(성공회대입구),129142,122010,39790,39025,2022-04-03 09:20:00
2022-03,경인선,1822,중동,174246,162253,57709,56959,2022-04-03 09:20:00
2022-03,경인선,1823,도화,72127,65733,32905,31800,2022-04-03 09:20:00
2022-03,경원선,1008,이촌(국립중앙박물관),67889,51540,21680,18799,2022-04-03 09:20:00
2022-03,경원선,1009,서빙고,35725,34237,12991,12177,2022-04-03 09:20:00
2022-03,경원선,1010,한남,74381,71486,23531,21968,2022-04-03 09:20:00
2022-03,경원선,1011,옥수,1218,788,96,51,2022-04-03 09:20:00
2022-03,경원선,1012,응봉,33053,28508,15110,13894,2022-04-03 09:20:00
2022-03,경원선,1013,왕십리(성동구청),321117,343340,49836,53616,2022-04-03 09:20:00
2022-03,경원선,1014,청량리(서울시립대입구),273181,276466,115197,121080,2022-04-03 09:20:00
2022-03,경원선,1016,외대앞,180890,179329,37159,38493,2022-04-03 09:20:00
2022-03,경원선,1017,신이문,151079,138123,57975,56522,2022-04-03 09:20:00
2022-03,경원선,1018,석계,157099,174937,52049,55485,2022-04-03 09:20:00
2022-03,경원선,1019,광운대,182616,181025,42217,42057,2022-04-03 09:20:00
2022-03,경원선,1020,월계,141987,130808,51329,49526,2022-04-03 09:20:00
2022-03,경원선,1021,녹천,86551,70969,31374,28173,2022-04-03 09:20:00
2022-03,경원선,1022,창동,5,0,0,0,2022-04-03 09:20:00
2022-03,경원선,1901,방학,157678,154508,89873,89326,2022-04-03 09:20:00
2022-03,경원선,1902,도봉,91511,85980,59337,58443,2022-04-03 09:20:00
2022-03,경원선,1903,도봉산,117798,66749,97650,77421,2022-04-03 09:20:00
2022-03,경원선,1904,망월사,134865,137479,58596,60208,2022-04-03 09:20:00
2022-03,경원선,1905,회룡,196138,194977,119099,118553,2022-04-03 09:20:00
2022-03,경원선,1906,의정부,390953,403159,91026,92362,2022-04-03 09:20:00
2022-03,경원선,1907,가능,124381,118928,47639,46964,2022-04-03 09:20:00
2022-03,경원선,1908,녹양,85525,80639,31460,30122,2022-04-03 09:20:00
2022-03,경원선,1909,양주,156115,145753,45256,44274,2022-04-03 09:20:00
2022-03,경원선,1910,덕계,61378,55007,18654,17885,2022-04-03 09:20:00
2022-03,경원선,1911,덕정,128940,123669,28600,28275,2022-04-03 09:20:00
2022-03,경원선,1912,지행,131338,131417,37607,37695,2022-04-03 09:20:00
2022-03,경원선,1913,동두천중앙,51271,48832,29602,29222,2022-04-03 09:20:00
2022-03,경원선,1914,보산,30527,28033,11588,11053,2022-04-03 09:20:00
2022-03,경원선,1915,동두천,44056,46382,20137,24105,2022-04-03 09:20:00
2022-03,경원선,1916,소요산,24775,19387,49966,44759,2022-04-03 09:20:00
2022-03,안산선,1751,산본,313832,342803,79872,80840,2022-04-03 09:20:00
2022-03,안산선,1752,대야미,100649,90532,26481,24948,2022-04-03 09:20:00
2022-03,안산선,1753,반월,85102,81850,24821,24574,2022-04-03 09:20:00
2022-03,안산선,1754,상록수,355024,360137,57388,58733,2022-04-03 09:20:00
2022-03,안산선,1755,한대앞,225441,224261,36337,37288,2022-04-03 09:20:00
2022-03,안산선,1756,중앙,414558,430895,48084,47087,2022-04-03 09:20:00
2022-03,안산선,1757,고잔,190231,180839,28898,27697,2022-04-03 09:20:00
2022-03,안산선,1758,초지,110213,117438,12462,12781,2022-04-03 09:20:00
2022-03,안산선,1759,안산,271477,249821,31584,29019,2022-04-03 09:20:00
2022-03,안산선,1760,신길온천,36359,33510,8373,8169,2022-04-03 09:20:00
2022-03,안산선,1761,정왕,232012,237248,22738,23747,2022-04-03 09:20:00
2022-03,안산선,1762,오이도,185728,184201,28498,28245,2022-04-03 09:20:00
2022-03,안산선,1763,수리산,79529,63120,25701,24595,2022-04-03 09:20:00
2022-03,과천선,1450,선바위,166618,146554,28164,27773,2022-04-03 09:20:00
2022-03,과천선,1451,경마공원,69704,70976,41013,40692,2022-04-03 09:20:00
2022-03,과천선,1452,대공원,43274,45898,34940,35526,2022-04-03 09:20:00
2022-03,과천선,1453,과천,119225,110084,34062,32944,2022-04-03 09:20:00
2022-03,과천선,1454,정부과천청사,203102,202874,41227,41254,2022-04-03 09:20:00
2022-03,과천선,1455,인덕원,492909,508317,87185,89950,2022-04-03 09:20:00
2022-03,과천선,1456,평촌,359502,351138,52078,51928,2022-04-03 09:20:00
2022-03,과천선,1457,범계,561379,557435,83425,81889,2022-04-03 09:20:00
2022-03,분당선,1023,선릉,254666,389993,35152,46294,2022-04-03 09:20:00
2022-03,분당선,1024,한티,308669,325009,53759,54583,2022-04-03 09:20:00
2022-03,분당선,1025,도곡,128429,126740,36158,34420,2022-04-03 09:20:00
2022-03,분당선,1026,구룡,43978,42099,12441,12280,2022-04-03 09:20:00
2022-03,분당선,1027,개포동,73015,75672,19882,20299,2022-04-03 09:20:00
2022-03,분당선,1028,대모산입구,83077,76680,26169,26265,2022-04-03 09:20:00
2022-03,분당선,1030,수서,282424,288357,51711,51127,2022-04-03 09:20:00
2022-03,분당선,1031,복정,13,0,1,0,2022-04-03 09:20:00
2022-03,분당선,1846,수원,190193,155519,25338,22089,2022-04-03 09:20:00
2022-03,분당선,1847,서울숲,227452,232873,23458,22360,2022-04-03 09:20:00
2022-03,분당선,1848,압구정로데오,444358,493232,39479,37562,2022-04-03 09:20:00
2022-03,분당선,1849,강남구청,197511,231151,33635,36319,2022-04-03 09:20:00
2022-03,분당선,1850,선정릉,157591,168689,23132,22522,2022-04-03 09:20:00
2022-03,분당선,1851,가천대,189591,212188,22163,23233,2022-04-03 09:20:00
2022-03,분당선,1852,태평,265673,250478,77131,81388,2022-04-03 09:20:00
2022-03,분당선,1853,모란,387976,387153,147981,160159,2022-04-03 09:20:00
2022-03,분당선,1854,야탑,509675,531634,126088,124503,2022-04-03 09:20:00
2022-03,분당선,1855,서현,508396,518457,96820,93333,2022-04-03 09:20:00
2022-03,분당선,1856,수내,257129,256608,58912,56796,2022-04-03 09:20:00
2022-03,분당선,1857,정자,347753,368618,53493,53771,2022-04-03 09:20:00
2022-03,분당선,1858,미금,292226,310079,86894,91383,2022-04-03 09:20:00
2022-03,분당선,1859,오리,222108,182602,59219,51148,2022-04-03 09:20:00
2022-03,분당선,1860,이매,110390,103607,31246,30994,2022-04-03 09:20:00
2022-03,분당선,1861,보정,45496,39171,15172,14705,2022-04-03 09:20:00
2022-03,분당선,1862,죽전,294499,325872,52917,55972,2022-04-03 09:20:00
2022-03,분당선,1863,구성,91931,97678,28388,29125,2022-04-03 09:20:00
2022-03,분당선,1864,신갈,84598,85341,21611,22053,2022-04-03 09:20:00
2022-03,분당선,1865,기흥,205710,193575,32906,32362,2022-04-03 09:20:00
2022-03,분당선,1866,상갈,105682,103740,24793,24208,2022-04-03 09:20:00
2022-03,분당선,1867,청명,87899,86590,15495,15701,2022-04-03 09:20:00
2022-03,분당선,1868,영통,187489,190165,24439,24317,2022-04-03 09:20:00
2022-03,분당선,1869,망포,317480,303100,29410,28402,2022-04-03 09:20:00
2022-03,분당선,1870,매탄권선,108715,105362,16497,16082,2022-04-03 09:20:00
2022-03,분당선,1871,수원시청,287068,306353,34988,35769,2022-04-03 09:20:00
2022-03,분당선,1872,매교,62792,62314,15715,16105,2022-04-03 09:20:00
2022-03,일산선,1948,원흥,209153,199992,48543,46929,2022-04-03 09:20:00
2022-03,일산선,1949,지축,8,0,1,0,2022-04-03 09:20:00
2022-03,일산선,1950,삼송,402100,388468,82238,83339,2022-04-03 09:20:00
2022-03,일산선,1951,원당,211709,199040,66299,65590,2022-04-03 09:20:00
2022-03,일산선,1952,화정,326710,336842,91742,93852,2022-04-03 09:20:00
2022-03,일산선,1953,대곡,40398,31930,9881,9132,2022-04-03 09:20:00
2022-03,일산선,1954,백석,183606,183708,58862,57693,2022-04-03 09:20:00
2022-03,일산선,1955,마두,127530,130217,51014,52441,2022-04-03 09:20:00
2022-03,일산선,1956,정발산,142599,147253,41424,38897,2022-04-03 09:20:00
2022-03,일산선,1957,주엽,149236,148049,67446,70065,2022-04-03 09:20:00
2022-03,일산선,1958,대화,245264,198314,62472,58121,2022-04-03 09:20:00
2022-03,중앙선,1015,회기,531031,515430,103105,101282,2022-04-03 09:20:00
2022-03,중앙선,1201,중랑,101020,95387,41484,40828,2022-04-03 09:20:00
2022-03,중앙선,1202,상봉(시외버스터미널),111321,112853,32585,31575,2022-04-03 09:20:00
2022-03,중앙선,1203,망우,135619,131289,60416,61869,2022-04-03 09:20:00
2022-03,중앙선,1204,양원,51017,48858,16708,16494,2022-04-03 09:20:00
2022-03,중앙선,1205,구리,262264,270262,67075,67622,2022-04-03 09:20:00
2022-03,중앙선,1206,도농,201004,183647,51312,50088,2022-04-03 09:20:00
2022-03,중앙선,1207,양정,12347,10117,6759,6051,2022-04-03 09:20:00
2022-03,중앙선,1208,덕소,101617,104562,36304,36260,2022-04-03 09:20:00
2022-03,중앙선,1209,도심,43923,33389,14551,13984,2022-04-03 09:20:00
2022-03,중앙선,1210,팔당,18363,19306,7576,7706,2022-04-03 09:20:00
2022-03,중앙선,1211,운길산,14172,12713,8867,9069,2022-04-03 09:20:00
2022-03,중앙선,1212,양수,31141,30960,18107,17980,2022-04-03 09:20:00
2022-03,중앙선,1213,신원,3100,2678,3213,2735,2022-04-03 09:20:00
2022-03,중앙선,1214,국수,11041,10839,7566,7737,2022-04-03 09:20:00
2022-03,중앙선,1215,아신,9119,9049,4960,4703,2022-04-03 09:20:00
2022-03,중앙선,1216,오빈,4336,4214,3499,3462,2022-04-03 09:20:00
2022-03,중앙선,1217,양평,48253,48555,25354,25875,2022-04-03 09:20:00
2022-03,중앙선,1218,원덕,4569,4404,5384,5160,2022-04-03 09:20:00
2022-03,중앙선,1219,용문,24932,24197,26929,26997,2022-04-03 09:20:00
2022-03,중앙선,1220,지평,739,1018,967,915,2022-04-03 09:20:00
2022-03,장항선,1401,봉명,22240,21514,8655,8315,2022-04-03 09:20:00
2022-03,장항선,1402,쌍용(나사렛대),56556,52590,10530,10061,2022-04-03 09:20:00
2022-03,장항선,1403,아산,92017,78354,9681,9180,2022-04-03 09:20:00
2022-03,장항선,1404,탕정,17022,15348,2789,2720,2022-04-03 09:20:00
2022-03,장항선,1405,배방,24927,24705,5798,5709,2022-04-03 09:20:00
2022-03,장항선,1407,온양온천,66835,69277,34764,35690,2022-04-03 09:20:00
2022-03,장항선,1408,신창(순천향대),67285,64047,5956,5528,2022-04-03 09:20:00
2022-03,경의선,1252,신촌,16723,21170,3025,3347,2022-04-03 09:20:00
2022-03,경의선,1261,효창공원앞,60932,67149,12044,12998,2022-04-03 09:20:00
2022-03,경의선,1263,서강대,44539,44471,9543,9098,2022-04-03 09:20:00
2022-03,경의선,1265,가좌,96827,92841,34769,35253,2022-04-03 09:20:00
2022-03,경의선,1267,수색,53027,55416,12977,12917,2022-04-03 09:20:00
2022-03,경의선,1268,화전,71674,67383,8425,8262,2022-04-03 09:20:00
2022-03,경의선,1269,강매,62447,54125,15614,14757,2022-04-03 09:20:00
2022-03,경의선,1270,행신,163596,166932,26823,27473,2022-04-03 09:20:00
2022-03,경의선,1271,능곡,70782,66006,24860,24345,2022-04-03 09:20:00
2022-03,경의선,1272,곡산,10319,10837,4475,4640,2022-04-03 09:20:00
2022-03,경의선,1273,백마,140091,135939,31528,31191,2022-04-03 09:20:00
2022-03,경의선,1274,풍산,110351,102127,28754,28199,2022-04-03 09:20:00
2022-03,경의선,1275,일산,184505,182117,49626,49405,2022-04-03 09:20:00
2022-03,경의선,1276,탄현,158330,151662,31417,30979,2022-04-03 09:20:00
2022-03,경의선,1277,야당,159591,159797,29917,28623,2022-04-03 09:20:00
2022-03,경의선,1278,운정,140097,132083,32049,31835,2022-04-03 09:20:00
2022-03,경의선,1279,금릉,98313,95935,21831,21638,2022-04-03 09:20:00
2022-03,경의선,1280,금촌,126772,126286,36554,37356,2022-04-03 09:20:00
2022-03,경의선,1282,월롱,62097,59323,7472,8369,2022-04-03 09:20:00
2022-03,경의선,1283,파주,30707,21846,6190,5041,2022-04-03 09:20:00
2022-03,경의선,1284,문산,95153,94906,33618,33630,2022-04-03 09:20:00
2022-03,경의선,1285,임진강,330,173,212,210,2022-04-03 09:20:00
2022-03,경의선,1291,서울역,80323,99334,12208,14901,2022-04-03 09:20:00
2022-03,경의선,1292,공덕,72202,61311,11445,11209,2022-04-03 09:20:00
2022-03,경의선,1293,홍대입구,41101,47536,4322,4491,2022-04-03 09:20:00
2022-03,경의선,1294,디지털미디어시티,52202,48086,9481,9437,2022-04-03 09:20:00
2022-03,경의선,1296,계양,3,0,0,0,2022-04-03 09:20:00
2022-03,경의선,1297,검암,2,0,0,0,2022-04-03 09:20:00
2022-03,경춘선,1311,신내,38455,36379,14515,13746,2022-04-03 09:20:00
2022-03,경춘선,1312,갈매,56750,48387,16993,16091,2022-04-03 09:20:00
2022-03,경춘선,1313,별내,63085,60113,19006,18231,2022-04-03 09:20:00
2022-03,경춘선,1314,퇴계원,64731,59207,23302,22625,2022-04-03 09:20:00
2022-03,경춘선,1315,사릉,58188,56380,16059,16113,2022-04-03 09:20:00
2022-03,경춘선,1316,금곡,24383,23352,13800,13497,2022-04-03 09:20:00
2022-03,경춘선,1317,평내호평,117359,115832,37195,35971,2022-04-03 09:20:00
2022-03,경춘선,1318,천마산,27579,24959,15980,16422,2022-04-03 09:20:00
2022-03,경춘선,1319,마석,71947,71247,28377,28281,2022-04-03 09:20:00
2022-03,경춘선,1320,대성리,7965,7038,4837,4438,2022-04-03 09:20:00
2022-03,경춘선,1321,청평,26319,25855,13638,13609,2022-04-03 09:20:00
2022-03,경춘선,1322,상천,3476,3008,3826,3689,2022-04-03 09:20:00
2022-03,경춘선,1323,가평,27417,27181,10935,10661,2022-04-03 09:20:00
2022-03,경춘선,1324,굴봉산,1468,1439,1826,1868,2022-04-03 09:20:00
2022-03,경춘선,1325,백양리,1782,1576,923,928,2022-04-03 09:20:00
2022-03,경춘선,1326,강촌,7389,7179,3718,3797,2022-04-03 09:20:00
2022-03,경춘선,1327,김유정,5203,5634,3082,3094,2022-04-03 09:20:00
2022-03,경춘선,1328,남춘천,51135,50733,18736,18693,2022-04-03 09:20:00
2022-03,경춘선,1329,춘천,29004,26212,10896,9712,2022-04-03 09:20:00
2022-03,수인선,1873,고색,109423,106513,13897,12693,2022-04-03 09:20:00
2022-03,수인선,1874,오목천,72632,66678,10964,11099,2022-04-03 09:20:00
2022-03,수인선,1875,어천,14716,14749,4125,4580,2022-04-03 09:20:00
2022-03,수인선,1876,야목,7219,5628,2317,1796,2022-04-03 09:20:00
2022-03,수인선,1877,사리,104613,92339,15174,14305,2022-04-03 09:20:00
2022-03,수인선,1878,달월,1521,1137,1020,557,2022-04-03 09:20:00
2022-03,수인선,1879,월곶,57154,52346,13328,13162,2022-04-03 09:20:00
2022-03,수인선,1880,소래포구,90193,84594,43525,42186,2022-04-03 09:20:00
2022-03,수인선,1881,인천논현,111729,121062,27307,27651,2022-04-03 09:20:00
2022-03,수인선,1882,호구포,82040,85709,18292,18290,2022-04-03 09:20:00
2022-03,수인선,1883,남동인더스파크,47249,52509,6490,6531,2022-04-03 09:20:00
2022-03,수인선,1884,원인재,87216,93181,26356,26910,2022-04-03 09:20:00
2022-03,수인선,1885,연수,96262,94819,24328,24391,2022-04-03 09:20:00
2022-03,수인선,1886,송도,44912,41506,18720,18541,2022-04-03 09:20:00
2022-03,수인선,1888,인하대,143940,135967,23079,22754,2022-04-03 09:20:00
2022-03,수인선,1889,숭의,74646,68750,25236,24266,2022-04-03 09:20:00
2022-03,수인선,1890,신포,35383,35068,11472,11530,2022-04-03 09:20:00
2022-03,수인선,1891,인천,16256,30869,11538,13941,2022-04-03 09:20:00
2022-03,경강선,1501,판교,100299,99459,11321,10018,2022-04-03 09:20:00
2022-03,경강선,1502,이매,22402,18592,5237,4730,2022-04-03 09:20:00
2022-03,경강선,1503,삼동,46164,42442,10413,10447,2022-04-03 09:20:00
2022-03,경강선,1504,경기광주,161996,154066,25688,25955,2022-04-03 09:20:00
2022-03,경강선,1505,초월,64718,61691,12093,12031,2022-04-03 09:20:00
2022-03,경강선,1506,곤지암,44031,44390,10967,11210,2022-04-03 09:20:00
2022-03,경강선,1507,신둔도예촌,33178,30124,6389,6262,2022-04-03 09:20:00
2022-03,경강선,1508,이천,57545,59688,10302,10962,2022-04-03 09:20:00
2022-03,경강선,1509,부발,48589,47538,8071,7829,2022-04-03 09:20:00
2022-03,경강선,1510,세종대왕릉,4988,5089,2876,2844,2022-04-03 09:20:00
2022-03,경강선,1511,여주,49473,49867,12303,12167,2022-04-03 09:20:00
2022-03,5호선,2511,방화,120461,116294,42019,40624,2022-04-03 09:20:00
2022-03,5호선,2512,개화산,103721,99080,33299,33600,2022-04-03 09:20:00
2022-03,5호선,2513,김포공항,161247,153956,26972,29283,2022-04-03 09:20:00
2022-03,5호선,2514,송정,121489,115746,41388,40173,2022-04-03 09:20:00
2022-03,5호선,2515,마곡,213881,215409,33786,32678,2022-04-03 09:20:00
2022-03,5호선,2516,발산,415607,428445,77681,74946,2022-04-03 09:20:00
2022-03,5호선,2517,우장산,281123,274635,71733,74404,2022-04-03 09:20:00
2022-03,5호선,2518,화곡,577542,539773,121220,116333,2022-04-03 09:20:00
2022-03,5호선,2519,까치산,587066,559374,129960,132022,2022-04-03 09:20:00
2022-03,5호선,2520,신정(은행정),282814,227003,53263,52242,2022-04-03 09:20:00
2022-03,5호선,2521,목동,333168,360375,67712,67958,2022-04-03 09:20:00
2022-03,5호선,2522,오목교(목동운동장앞),452180,484776,67853,67041,2022-04-03 09:20:00
2022-03,5호선,2523,양평,150040,147760,23663,23483,2022-04-03 09:20:00
2022-03,5호선,2524,영등포구청,74916,76748,16688,16592,2022-04-03 09:20:00
2022-03,5호선,2525,영등포시장,190347,196821,57184,58250,2022-04-03 09:20:00
2022-03,5호선,2526,신길,89541,96936,9467,9847,2022-04-03 09:20:00
2022-03,5호선,2527,여의도,582396,611945,42422,39752,2022-04-03 09:20:00
2022-03,5호선,2528,여의나루,241030,275288,22414,21513,2022-04-03 09:20:00
2022-03,5호선,2529,마포,278660,286460,48598,47946,2022-04-03 09:20:00
2022-03,5호선,2530,공덕,276665,294707,35786,33576,2022-04-03 09:20:00
2022-03,5호선,2531,애오개,127553,129153,30522,30021,2022-04-03 09:20:00
2022-03,5호선,2532,충정로(경기대입구),95979,96317,11217,11440,2022-04-03 09:20:00
2022-03,5호선,2533,서대문,369286,373194,52861,49599,2022-04-03 09:20:00
2022-03,5호선,2534,광화문(세종문화회관),596516,623201,64981,64751,2022-04-03 09:20:00
2022-03,5호선,2535,종로3가,235257,226797,73529,79562,2022-04-03 09:20:00
2022-03,5호선,2536,을지로4가,103069,106049,36721,36177,2022-04-03 09:20:00
2022-03,5호선,2537,동대문역사문화공원(DDP),55693,65327,7534,8271,2022-04-03 09:20:00
2022-03,5호선,2538,청구,77157,72241,21244,16805,2022-04-03 09:20:00
2022-03,5호선,2539,신금호,123979,126984,31956,35606,2022-04-03 09:20:00
2022-03,5호선,2540,행당,153652,137988,39897,36137,2022-04-03 09:20:00
2022-03,5호선,2541,왕십리(성동구청),94323,110830,19416,19018,2022-04-03 09:20:00
2022-03,5호선,2542,마장,108591,102036,31880,30964,2022-04-03 09:20:00
2022-03,5호선,2543,답십리,319413,291885,66252,64439,2022-04-03 09:20:00
2022-03,5호선,2544,장한평,365001,361327,74763,75511,2022-04-03 09:20:00
2022-03,5호선,2545,군자(능동),244336,271215,34038,35608,2022-04-03 09:20:00
2022-03,5호선,2546,아차산(어린이대공원후문),305958,297438,83319,81154,2022-04-03 09:20:00
2022-03,5호선,2547,광나루(장신대),271595,247648,56785,55491,2022-04-03 09:20:00
2022-03,5호선,2548,천호(풍납토성),356222,346416,103644,105471,2022-04-03 09:20:00
2022-03,5호선,2549,강동,363916,350418,89488,86752,2022-04-03 09:20:00
2022-03,5호선,2550,길동,137867,144309,61427,63314,2022-04-03 09:20:00
2022-03,5호선,2551,굽은다리(강동구민회관앞),174740,167657,59195,54679,2022-04-03 09:20:00
2022-03,5호선,2552,명일,156552,160360,54966,57058,2022-04-03 09:20:00
2022-03,5호선,2553,고덕,176353,175425,54400,54343,2022-04-03 09:20:00
2022-03,5호선,2554,상일동,278472,261749,73081,70617,2022-04-03 09:20:00
2022-03,5호선,2555,둔촌동,160034,159569,51939,52240,2022-04-03 09:20:00
2022-03,5호선,2556,올림픽공원(한국체대),75286,64733,29283,26595,2022-04-03 09:20:00
2022-03,5호선,2557,방이,137769,142585,36964,36540,2022-04-03 09:20:00
2022-03,5호선,2558,오금,73914,73077,16640,16269,2022-04-03 09:20:00
2022-03,5호선,2559,개롱,116437,122375,37774,39306,2022-04-03 09:20:00
2022-03,5호선,2560,거여,190947,182005,51600,50542,2022-04-03 09:20:00
2022-03,5호선,2561,마천,128104,124140,46654,48252,2022-04-03 09:20:00
2022-03,5호선,2562,강일,72780,68112,26146,25763,2022-04-03 09:20:00
2022-03,5호선,2563,미사,330675,331016,59514,59762,2022-04-03 09:20:00
2022-03,5호선,2564,하남풍산,82018,82147,21964,21597,2022-04-03 09:20:00
2022-03,5호선,2565,하남시청(덕풍·신장),117697,113288,50168,51432,2022-04-03 09:20:00
2022-03,5호선,2566,하남검단산,108086,104096,37224,37393,2022-04-03 09:20:00
2022-03,6호선,2611,응암,336765,335242,96376,96080,2022-04-03 09:20:00
2022-03,6호선,2612,역촌,66643,83774,27291,26629,2022-04-03 09:20:00
2022-03,6호선,2613,불광,75785,78407,32834,27045,2022-04-03 09:20:00
2022-03,6호선,2614,독바위,50669,52540,16371,20618,2022-04-03 09:20:00
2022-03,6호선,2615,연신내,20,0,1,0,2022-04-03 09:20:00
2022-03,6호선,2616,구산,148005,99300,41646,43546,2022-04-03 09:20:00
2022-03,6호선,2617,새절(신사),243720,226866,71239,71558,2022-04-03 09:20:00
2022-03,6호선,2618,증산(명지대앞),190741,190295,59665,61106,2022-04-03 09:20:00
2022-03,6호선,2619,디지털미디어시티,270184,293294,46354,47038,2022-04-03 09:20:00
2022-03,6호선,2620,월드컵경기장(성산),90621,107572,46890,44545,2022-04-03 09:20:00
2022-03,6호선,2621,마포구청,284027,256116,64130,58438,2022-04-03 09:20:00
2022-03,6호선,2622,망원,288698,310190,68054,70528,2022-04-03 09:20:00
2022-03,6호선,2623,합정,302949,295759,32166,30026,2022-04-03 09:20:00
2022-03,6호선,2624,상수,212104,236559,18012,18246,2022-04-03 09:20:00
2022-03,6호선,2625,광흥창(서강),175739,170286,38328,38087,2022-04-03 09:20:00
2022-03,6호선,2626,대흥(서강대앞),167845,174480,36198,36171,2022-04-03 09:20:00
2022-03,6호선,2627,공덕,359456,347808,59843,55502,2022-04-03 09:20:00
2022-03,6호선,2628,효창공원앞,140403,130740,31235,29834,2022-04-03 09:20:00
2022-03,6호선,2629,삼각지,142259,123641,13789,11169,2022-04-03 09:20:00
2022-03,6호선,2630,녹사평(용산구청),107941,110463,14691,14033,2022-04-03 09:20:00
2022-03,6호선,2631,이태원,252674,255092,25776,26711,2022-04-03 09:20:00
2022-03,6호선,2632,한강진,183564,217802,13268,13023,2022-04-03 09:20:00
2022-03,6호선,2633,버티고개,38990,38331,10550,12589,2022-04-03 09:20:00
2022-03,6호선,2634,약수,69299,69271,18104,17576,2022-04-03 09:20:00
2022-03,6호선,2635,청구,73867,77426,16536,19659,2022-04-03 09:20:00
2022-03,6호선,2636,신당,162951,172835,31993,31041,2022-04-03 09:20:00
2022-03,6호선,2637,동묘앞,148403,154353,57205,51642,2022-04-03 09:20:00
2022-03,6호선,2638,창신,70641,58595,15696,14938,2022-04-03 09:20:00
2022-03,6호선,2639,보문,158164,145970,24548,23284,2022-04-03 09:20:00
2022-03,6호선,2640,안암(고대병원앞),285908,286210,28591,27337,2022-04-03 09:20:00
2022-03,6호선,2641,고려대(종암),175838,172417,28112,28315,2022-04-03 09:20:00
2022-03,6호선,2642,월곡(동덕여대),234147,231184,59052,59255,2022-04-03 09:20:00
2022-03,6호선,2643,상월곡(한국과학기술연구원),123449,109950,32873,32343,2022-04-03 09:20:00
2022-03,6호선,2644,돌곶이,185708,171695,48585,47696,2022-04-03 09:20:00
2022-03,6호선,2645,석계,245426,259395,63486,63285,2022-04-03 09:20:00
2022-03,6호선,2646,태릉입구,114780,126688,24062,25016,2022-04-03 09:20:00
2022-03,6호선,2647,화랑대(서울여대입구),249291,194329,39565,35724,2022-04-03 09:20:00
2022-03,6호선,2648,봉화산(서울의료원),170634,161567,38535,38347,2022-04-03 09:20:00
2022-03,6호선,2649,신내,12,0,0,0,2022-04-03 09:20:00
2022-03,7호선,2711,장암,45520,17454,8399,5982,2022-04-03 09:20:00
2022-03,7호선,2712,도봉산,188968,217325,40056,58838,2022-04-03 09:20:00
2022-03,7호선,2713,수락산,239315,232847,77219,77831,2022-04-03 09:20:00
2022-03,7호선,2714,마들,243281,229476,69845,69557,2022-04-03 09:20:00
2022-03,7호선,2715,노원,391775,407393,97936,98356,2022-04-03 09:20:00
2022-03,7호선,2716,중계,278127,252349,73146,70473,2022-04-03 09:20:00
2022-03,7호선,2717,하계,353410,331722,83643,80920,2022-04-03 09:20:00
2022-03,7호선,2718,공릉(서울과학기술대),258666,254224,58767,59028,2022-04-03 09:20:00
2022-03,7호선,2719,태릉입구,179473,171607,36549,34484,2022-04-03 09:20:00
2022-03,7호선,2720,먹골,203159,196125,53851,54508,2022-04-03 09:20:00
2022-03,7호선,2721,중화,215169,209946,52966,53628,2022-04-03 09:20:00
2022-03,7호선,2722,상봉(시외버스터미널),358189,334458,58057,56209,2022-04-03 09:20:00
2022-03,7호선,2723,면목,323059,311369,81401,83283,2022-04-03 09:20:00
2022-03,7호선,2724,사가정,320748,321829,82072,82976,2022-04-03 09:20:00
2022-03,7호선,2725,용마산(용마폭포공원),121197,116802,29768,32038,2022-04-03 09:20:00
2022-03,7호선,2726,중곡,216697,199837,51872,52788,2022-04-03 09:20:00
2022-03,7호선,2727,군자(능동),304901,238254,63821,55931,2022-04-03 09:20:00
2022-03,7호선,2728,어린이대공원(세종대),323508,328220,34211,34151,2022-04-03 09:20:00
2022-03,7호선,2729,건대입구,279366,296477,43485,39640,2022-04-03 09:20:00
2022-03,7호선,2730,뚝섬유원지,183040,176661,35503,35330,2022-04-03 09:20:00
2022-03,7호선,2731,청담,389336,441167,61344,58831,2022-04-03 09:20:00
2022-03,7호선,2732,강남구청,337780,373935,41410,41926,2022-04-03 09:20:00
2022-03,7호선,2733,학동,496047,530527,50176,47462,2022-04-03 09:20:00
2022-03,7호선,2734,논현,423519,461732,41824,41259,2022-04-03 09:20:00
2022-03,7호선,2735,반포,115947,112188,26437,25109,2022-04-03 09:20:00
2022-03,7호선,2736,고속터미널,330197,266888,55984,49020,2022-04-03 09:20:00
2022-03,7호선,2737,내방,285266,293558,54171,53536,2022-04-03 09:20:00
2022-03,7호선,2738,이수,322368,310369,62150,59287,2022-04-03 09:20:00
2022-03,7호선,2739,남성,213975,197670,56598,56406,2022-04-03 09:20:00
2022-03,7호선,2740,숭실대입구(살피재),300306,305480,48091,50702,2022-04-03 09:20:00
2022-03,7호선,2741,상도,228054,224197,47760,46266,2022-04-03 09:20:00
2022-03,7호선,2742,장승배기,170368,165056,53289,53967,2022-04-03 09:20:00
2022-03,7호선,2743,신대방삼거리,337152,320347,73702,75027,2022-04-03 09:20:00
2022-03,7호선,2744,보라매,203585,201798,36165,35612,2022-04-03 09:20:00
2022-03,7호선,2745,신풍,225788,214503,56799,57518,2022-04-03 09:20:00
2022-03,7호선,2746,대림(구로구청),173867,175177,28996,28392,2022-04-03 09:20:00
2022-03,7호선,2747,남구로,321566,339070,50336,49850,2022-04-03 09:20:00
2022-03,7호선,2748,가산디지털단지,915179,914208,75427,71162,2022-04-03 09:20:00
2022-03,7호선,2749,철산,424532,434720,78172,77781,2022-04-03 09:20:00
2022-03,7호선,2750,광명사거리,428944,418881,123536,126835,2022-04-03 09:20:00
2022-03,7호선,2751,천왕,226324,214695,45223,45082,2022-04-03 09:20:00
2022-03,7호선,2752,온수(성공회대입구),212500,200781,33384,31750,2022-04-03 09:20:00
2022-03,7호선,2753,까치울,4,0,1,0,2022-04-03 09:20:00
2022-03,7호선,2754,부천종합운동장,2,0,0,0,2022-04-03 09:20:00
2022-03,7호선,2755,춘의,8,0,0,0,2022-04-03 09:20:00
2022-03,7호선,2756,신중동,7,0,0,0,2022-04-03 09:20:00
2022-03,7호선,2757,부천시청,13,0,0,0,2022-04-03 09:20:00
2022-03,7호선,2758,상동,9,0,2,0,2022-04-03 09:20:00
2022-03,7호선,2759,삼산체육관,1,0,0,0,2022-04-03 09:20:00
2022-03,7호선,2760,굴포천,4,0,0,0,2022-04-03 09:20:00
2022-03,7호선,2761,부평구청,2,0,0,0,2022-04-03 09:20:00
2022-03,8호선,2811,암사,367053,321802,86748,85240,2022-04-03 09:20:00
2022-03,8호선,2812,천호(풍납토성),299603,358146,66506,63677,2022-04-03 09:20:00
2022-03,8호선,2813,강동구청,197566,205282,51815,51838,2022-04-03 09:20:00
2022-03,8호선,2814,몽촌토성(평화의문),120190,122087,27357,26668,2022-04-03 09:20:00
2022-03,8호선,2815,잠실(송파구청),287667,340414,53857,51738,2022-04-03 09:20:00
2022-03,8호선,2816,석촌,150287,177519,40662,43213,2022-04-03 09:20:00
2022-03,8호선,2817,송파,139970,142537,43353,43612,2022-04-03 09:20:00
2022-03,8호선,2818,가락시장,134278,153256,50275,51145,2022-04-03 09:20:00
2022-03,8호선,2819,문정,446182,469077,48156,47474,2022-04-03 09:20:00
2022-03,8호선,2820,장지,355610,347755,63884,60941,2022-04-03 09:20:00
2022-03,8호선,2821,복정,203840,172783,32285,29144,2022-04-03 09:20:00
2022-03,8호선,2822,산성,108375,105925,25307,28388,2022-04-03 09:20:00
2022-03,8호선,2823,남한산성입구(성남법원.검찰청),293702,269689,67414,65642,2022-04-03 09:20:00
2022-03,8호선,2824,단대오거리,215276,203991,60953,59410,2022-04-03 09:20:00
2022-03,8호선,2825,신흥,77247,83737,28906,30109,2022-04-03 09:20:00
2022-03,8호선,2826,수진,98559,88333,37163,36469,2022-04-03 09:20:00
2022-03,8호선,2827,모란,74770,61733,46010,35767,2022-04-03 09:20:00
2022-03,8호선,2828,남위례,90672,96146,18775,18873,2022-04-03 09:20:00
2022-03,9호선,4101,개화,46572,35201,10165,8321,2022-04-03 09:20:00
2022-03,9호선,4102,김포공항,171027,266598,15190,18998,2022-04-03 09:20:00
2022-03,9호선,4103,공항시장,55699,59683,21051,23070,2022-04-03 09:20:00
2022-03,9호선,4104,신방화,131240,126504,37574,37352,2022-04-03 09:20:00
2022-03,9호선,4105,마곡나루(서울식물원),263677,259311,26853,26356,2022-04-03 09:20:00
2022-03,9호선,4106,양천향교,199776,203305,37443,36843,2022-04-03 09:20:00
2022-03,9호선,4107,가양,387994,377155,106465,102749,2022-04-03 09:20:00
2022-03,9호선,4108,증미,136718,133901,34470,34332,2022-04-03 09:20:00
2022-03,9호선,4109,등촌,204331,196991,67966,67790,2022-04-03 09:20:00
2022-03,9호선,4110,염창,354877,344117,58724,57992,2022-04-03 09:20:00
2022-03,9호선,4111,신목동,77190,67454,17844,16340,2022-04-03 09:20:00
2022-03,9호선,4112,선유도,172771,164485,22933,22086,2022-04-03 09:20:00
2022-03,9호선,4113,당산,385493,384670,51008,46579,2022-04-03 09:20:00
2022-03,9호선,4114,국회의사당,289377,303036,42204,36993,2022-04-03 09:20:00
2022-03,9호선,4115,여의도,565435,543519,37164,34182,2022-04-03 09:20:00
2022-03,9호선,4116,샛강,109399,113102,19149,19375,2022-04-03 09:20:00
2022-03,9호선,4117,노량진,573492,558141,70169,69595,2022-04-03 09:20:00
2022-03,9호선,4118,노들,83161,69483,25525,23333,2022-04-03 09:20:00
2022-03,9호선,4119,흑석(중앙대입구),176653,179164,45100,45462,2022-04-03 09:20:00
2022-03,9호선,4120,동작(현충원),42269,33489,11010,9317,2022-04-03 09:20:00
2022-03,9호선,4121,구반포,21675,22908,10711,10507,2022-04-03 09:20:00
2022-03,9호선,4122,신반포,65943,63876,16615,16403,2022-04-03 09:20:00
2022-03,9호선,4123,고속터미널,259285,341271,44210,49441,2022-04-03 09:20:00
2022-03,9호선,4124,사평,65484,64181,16271,16232,2022-04-03 09:20:00
2022-03,9호선,4125,신논현,708415,702149,50781,46717,2022-04-03 09:20:00
2022-03,공항철도 1호선,4201,서울역,170746,157818,24573,22193,2022-04-03 09:20:00
2022-03,공항철도 1호선,4202,공덕,47298,63705,6175,7252,2022-04-03 09:20:00
2022-03,공항철도 1호선,4203,홍대입구,242441,239642,14461,13711,2022-04-03 09:20:00
2022-03,공항철도 1호선,4204,디지털미디어시티,285044,261218,20716,19514,2022-04-03 09:20:00
2022-03,공항철도 1호선,4206,마곡나루(서울식물원),178286,176387,11415,11534,2022-04-03 09:20:00
2022-03,공항철도 1호선,4207,김포공항,289270,155828,20130,13278,2022-04-03 09:20:00
2022-03,공항철도 1호선,4208,계양,224742,214506,24246,22657,2022-04-03 09:20:00
2022-03,공항철도 1호선,4209,검암,144886,144276,13630,13832,2022-04-03 09:20:00
2022-03,공항철도 1호선,4210,청라국제도시,151423,143756,9482,9217,2022-04-03 09:20:00
2022-03,공항철도 1호선,4211,운서,154490,156690,22364,22537,2022-04-03 09:20:00
2022-03,공항철도 1호선,4212,공항화물청사,49564,53202,8082,8009,2022-04-03 09:20:00
2022-03,공항철도 1호선,4213,인천공항1터미널,89326,93979,12554,12576,2022-04-03 09:20:00
2022-03,공항철도 1호선,4215,인천공항2터미널,54708,52101,6703,6462,2022-04-03 09:20:00
2022-03,공항철도 1호선,4217,영종,62101,62478,16680,16378,2022-04-03 09:20:00
2022-03,9호선2~3단계,4126,언주,216668,222518,22639,22108,2022-04-03 09:20:00
2022-03,9호선2~3단계,4127,선정릉,196155,217285,19178,19965,2022-04-03 09:20:00
2022-03,9호선2~3단계,4128,삼성중앙,131713,140024,18358,18266,2022-04-03 09:20:00
2022-03,9호선2~3단계,4129,봉은사,339744,350622,37873,36376,2022-04-03 09:20:00
2022-03,9호선2~3단계,4130,종합운동장,85862,87249,14032,13168,2022-04-03 09:20:00
2022-03,9호선2~3단계,4131,삼전,140662,136560,30041,28392,2022-04-03 09:20:00
2022-03,9호선2~3단계,4132,석촌고분,121507,118779,26154,26406,2022-04-03 09:20:00
2022-03,9호선2~3단계,4133,석촌,179502,157755,27828,24153,2022-04-03 09:20:00
2022-03,9호선2~3단계,4134,송파나루,105424,112007,21310,22089,2022-04-03 09:20:00
2022-03,9호선2~3단계,4135,한성백제,47845,43359,13365,11941,2022-04-03 09:20:00
2022-03,9호선2~3단계,4136,올림픽공원(한국체대),127764,127377,22187,22213,2022-04-03 09:20:00
2022-03,9호선2~3단계,4137,둔촌오륜,23248,21570,5000,5464,2022-04-03 09:20:00
2022-03,9호선2~3단계,4138,중앙보훈병원,176882,151848,63737,62781,2022-04-03 09:20:00
2022-03,우이신설선,4701,북한산우이,48225,41915,28388,30106,2022-04-03 09:20:00
2022-03,우이신설선,4702,솔밭공원,37242,33532,24588,25895,2022-04-03 09:20:00
2022-03,우이신설선,4703,4.19민주묘지,58134,56512,30568,27479,2022-04-03 09:20:00
2022-03,우이신설선,4704,가오리,63012,60596,41223,42052,2022-04-03 09:20:00
2022-03,우이신설선,4705,화계,51206,45938,35110,35260,2022-04-03 09:20:00
2022-03,우이신설선,4706,삼양,28089,28569,23450,25536,2022-04-03 09:20:00
2022-03,우이신설선,4707,삼양사거리,32379,32537,30458,30577,2022-04-03 09:20:00
2022-03,우이신설선,4708,솔샘,108666,99219,32753,33952,2022-04-03 09:20:00
2022-03,우이신설선,4709,북한산보국문,119453,110048,36163,36715,2022-04-03 09:20:00
2022-03,우이신설선,4710,정릉,79790,70678,38870,36150,2022-04-03 09:20:00
2022-03,우이신설선,4711,성신여대입구(돈암),63708,73207,24921,23976,2022-04-03 09:20:00
2022-03,우이신설선,4712,보문,26686,26623,12016,12218,2022-04-03 09:20:00
2022-03,우이신설선,4713,신설동,31007,31564,23527,21031,2022-04-03 09:20:00
