0,1,2,3,4,5,6,7,8,9,10,11,12,13,14,15,16,17,18,19,20,21,22,23,24,25,26,27,28,29,30,31,32,33,34,35,36,37,38,39
행정구역,2022년03월_계_총인구수,2022년03월_계_연령구간인구수,2022년03월_계_0~9세,2022년03월_계_10~19세,2022년03월_계_20~29세,2022년03월_계_30~39세,2022년03월_계_40~49세,2022년03월_계_50~59세,2022년03월_계_60~69세,2022년03월_계_70~79세,2022년03월_계_80~89세,2022년03월_계_90~99세,2022년03월_계_100세 이상,2022년03월_남_총인구수,2022년03월_남_연령구간인구수,2022년03월_남_0~9세,2022년03월_남_10~19세,2022년03월_남_20~29세,2022년03월_남_30~39세,2022년03월_남_40~49세,2022년03월_남_50~59세,2022년03월_남_60~69세,2022년03월_남_70~79세,2022년03월_남_80~89세,2022년03월_남_90~99세,2022년03월_남_100세 이상,2022년03월_여_총인구수,2022년03월_여_연령구간인구수,2022년03월_여_0~9세,2022년03월_여_10~19세,2022년03월_여_20~29세,2022년03월_여_30~39세,2022년03월_여_40~49세,2022년03월_여_50~59세,2022년03월_여_60~69세,2022년03월_여_70~79세,2022년03월_여_80~89세,2022년03월_여_90~99세,2022년03월_여_100세 이상
서울특별시  (1100000000),9506778 ,9506778 ,573171 ,756603 ,1417972 ,1432792 ,1476373 ,1506625 ,1292489 ,702235 ,304225 ,42582 ,1711 ,4613910 ,4613910 ,294138 ,387494 ,681079 ,715825 ,730657 ,742571 ,610536 ,319327 ,120916 ,10955 ,412 ,4892868 ,4892868 ,279033 ,369109 ,736893 ,716967 ,745716 ,764054 ,681953 ,382908 ,183309 ,31627 ,1299 
서울특별시 종로구 (1111000000),144275 ,144275 ,6824 ,10379 ,22749 ,19354 ,20718 ,24880 ,20450 ,11652 ,6281 ,950 ,38 ,69911 ,69911 ,3446 ,5135 ,10914 ,9658 ,10002 ,12475 ,10254 ,5189 ,2532 ,294 ,12 ,74364 ,74364 ,3378 ,5244 ,11835 ,9696 ,10716 ,12405 ,10196 ,6463 ,3749 ,656 ,26 
서울특별시 중구 (1114000000),122173 ,122173 ,6113 ,6537 ,18158 ,19820 ,17280 ,19936 ,18045 ,10289 ,5122 ,843 ,30 ,59448 ,59448 ,3141 ,3250 ,8392 ,9905 ,8842 ,10126 ,8993 ,4668 ,1894 ,225 ,12 ,62725 ,62725 ,2972 ,3287 ,9766 ,9915 ,8438 ,9810 ,9052 ,5621 ,3228 ,618 ,18 
서울특별시 용산구 (1117000000),222169 ,222169 ,12454 ,14589 ,32389 ,37648 ,33487 ,35994 ,29360 ,15964 ,8751 ,1456 ,77 ,106735 ,106735 ,6389 ,7382 ,15185 ,18649 ,16493 ,17713 ,14197 ,6978 ,3293 ,435 ,21 ,115434 ,115434 ,6065 ,7207 ,17204 ,18999 ,16994 ,18281 ,15163 ,8986 ,5458 ,1021 ,56 
서울특별시 성동구 (1120000000),285073 ,285073 ,18898 ,19068 ,43051 ,46395 ,43079 ,45889 ,38046 ,20187 ,9236 ,1173 ,51 ,138847 ,138847 ,9648 ,9460 ,21196 ,22754 ,21623 ,22698 ,18639 ,8992 ,3512 ,308 ,17 ,146226 ,146226 ,9250 ,9608 ,21855 ,23641 ,21456 ,23191 ,19407 ,11195 ,5724 ,865 ,34 
서울특별시 광진구 (1121500000),340707 ,340707 ,17510 ,24773 ,61762 ,54736 ,50346 ,53851 ,44471 ,22147 ,9778 ,1278 ,55 ,164346 ,164346 ,8981 ,12522 ,28986 ,27173 ,24775 ,26340 ,21178 ,10144 ,3891 ,341 ,15 ,176361 ,176361 ,8529 ,12251 ,32776 ,27563 ,25571 ,27511 ,23293 ,12003 ,5887 ,937 ,40 
서울특별시 동대문구 (1123000000),337982 ,337982 ,19277 ,23163 ,56611 ,48661 ,48939 ,52097 ,47728 ,27463 ,12463 ,1513 ,67 ,166823 ,166823 ,9870 ,11682 ,27639 ,25050 ,25230 ,26401 ,23195 ,12382 ,4953 ,404 ,17 ,171159 ,171159 ,9407 ,11481 ,28972 ,23611 ,23709 ,25696 ,24533 ,15081 ,7510 ,1109 ,50 
서울특별시 중랑구 (1126000000),389043 ,389043 ,21315 ,25306 ,54227 ,57667 ,55800 ,67138 ,61237 ,31448 ,13221 ,1617 ,67 ,191835 ,191835 ,10949 ,12869 ,26529 ,29675 ,28907 ,33207 ,29689 ,14365 ,5259 ,367 ,19 ,197208 ,197208 ,10366 ,12437 ,27698 ,27992 ,26893 ,33931 ,31548 ,17083 ,7962 ,1250 ,48 
서울특별시 성북구 (1129000000),433150 ,433150 ,27146 ,36639 ,65936 ,58397 ,67516 ,69860 ,57218 ,32666 ,15622 ,2078 ,72 ,208691 ,208691 ,13860 ,18587 ,31573 ,29195 ,33176 ,34491 ,26889 ,14195 ,6188 ,523 ,14 ,224459 ,224459 ,13286 ,18052 ,34363 ,29202 ,34340 ,35369 ,30329 ,18471 ,9434 ,1555 ,58 
서울특별시 강북구 (1130500000),297384 ,297384 ,13674 ,20585 ,40750 ,36597 ,43276 ,51441 ,47259 ,29328 ,12923 ,1506 ,45 ,144643 ,144643 ,7043 ,10468 ,19910 ,19153 ,22299 ,25400 ,22118 ,12630 ,5197 ,414 ,11 ,152741 ,152741 ,6631 ,10117 ,20840 ,17444 ,20977 ,26041 ,25141 ,16698 ,7726 ,1092 ,34 
서울특별시 도봉구 (1132000000),316098 ,316098 ,16627 ,24005 ,40950 ,38898 ,45710 ,55824 ,51747 ,27569 ,12945 ,1733 ,90 ,153716 ,153716 ,8645 ,12356 ,20679 ,19915 ,22664 ,26750 ,24447 ,12653 ,5110 ,466 ,31 ,162382 ,162382 ,7982 ,11649 ,20271 ,18983 ,23046 ,29074 ,27300 ,14916 ,7835 ,1267 ,59 
서울특별시 노원구 (1135000000),510486 ,510486 ,30040 ,50479 ,69816 ,62757 ,81089 ,86851 ,71321 ,37568 ,17846 ,2631 ,88 ,245663 ,245663 ,15504 ,26137 ,35669 ,31263 ,38672 ,41934 ,33104 ,16378 ,6340 ,647 ,15 ,264823 ,264823 ,14536 ,24342 ,34147 ,31494 ,42417 ,44917 ,38217 ,21190 ,11506 ,1984 ,73 
서울특별시 은평구 (1138000000),472259 ,472259 ,27055 ,36935 ,64742 ,66461 ,73698 ,77341 ,67455 ,38627 ,17727 ,2147 ,71 ,225640 ,225640 ,13877 ,18907 ,30799 ,32594 ,36459 ,37256 ,31153 ,16798 ,7179 ,604 ,14 ,246619 ,246619 ,13178 ,18028 ,33943 ,33867 ,37239 ,40085 ,36302 ,21829 ,10548 ,1543 ,57 
서울특별시 서대문구 (1141000000),305866 ,305866 ,18654 ,22707 ,49047 ,44189 ,45232 ,48852 ,40045 ,23286 ,12199 ,1580 ,75 ,145958 ,145958 ,9475 ,11323 ,23180 ,21838 ,22299 ,23807 ,18939 ,9919 ,4735 ,426 ,17 ,159908 ,159908 ,9179 ,11384 ,25867 ,22351 ,22933 ,25045 ,21106 ,13367 ,7464 ,1154 ,58 
서울특별시 마포구 (1144000000),368331 ,368331 ,23041 ,27754 ,61426 ,63038 ,59463 ,55226 ,41387 ,23418 ,11830 ,1677 ,71 ,173073 ,173073 ,11783 ,13994 ,27395 ,29746 ,28814 ,27069 ,19301 ,9885 ,4589 ,477 ,20 ,195258 ,195258 ,11258 ,13760 ,34031 ,33292 ,30649 ,28157 ,22086 ,13533 ,7241 ,1200 ,51 
서울특별시 양천구 (1147000000),446182 ,446182 ,29047 ,49044 ,56764 ,55206 ,75997 ,76090 ,60875 ,29704 ,11642 ,1759 ,54 ,218554 ,218554 ,14925 ,25603 ,28747 ,27311 ,36290 ,37848 ,29073 ,14002 ,4320 ,424 ,11 ,227628 ,227628 ,14122 ,23441 ,28017 ,27895 ,39707 ,38242 ,31802 ,15702 ,7322 ,1335 ,43 
서울특별시 강서구 (1150000000),573046 ,573046 ,35720 ,43188 ,85174 ,97561 ,89104 ,84017 ,79624 ,39986 ,16023 ,2560 ,89 ,275422 ,275422 ,18151 ,22113 ,38861 ,49065 ,44746 ,40508 ,36754 ,18720 ,5902 ,583 ,19 ,297624 ,297624 ,17569 ,21075 ,46313 ,48496 ,44358 ,43509 ,42870 ,21266 ,10121 ,1977 ,70 
서울특별시 구로구 (1153000000),396017 ,396017 ,25255 ,29013 ,53660 ,60700 ,60998 ,62188 ,57586 ,32311 ,12691 ,1572 ,43 ,195002 ,195002 ,12919 ,14878 ,26138 ,31007 ,31187 ,30843 ,27166 ,15260 ,5204 ,388 ,12 ,201015 ,201015 ,12336 ,14135 ,27522 ,29693 ,29811 ,31345 ,30420 ,17051 ,7487 ,1184 ,31 
서울특별시 금천구 (1154500000),231098 ,231098 ,11379 ,13817 ,37239 ,36793 ,31535 ,39101 ,34902 ,18159 ,7250 ,890 ,33 ,116568 ,116568 ,5866 ,6999 ,18246 ,20304 ,16686 ,19627 ,17164 ,8511 ,2940 ,218 ,7 ,114530 ,114530 ,5513 ,6818 ,18993 ,16489 ,14849 ,19474 ,17738 ,9648 ,4310 ,672 ,26 
서울특별시 영등포구 (1156000000),376740 ,376740 ,24226 ,23651 ,58654 ,69346 ,55371 ,56181 ,48323 ,27065 ,12295 ,1575 ,53 ,185696 ,185696 ,12430 ,12282 ,27022 ,35405 ,28475 ,28682 ,23487 ,12432 ,5028 ,437 ,16 ,191044 ,191044 ,11796 ,11369 ,31632 ,33941 ,26896 ,27499 ,24836 ,14633 ,7267 ,1138 ,37 
서울특별시 동작구 (1159000000),386017 ,386017 ,22497 ,27305 ,64975 ,60599 ,57143 ,58127 ,50592 ,29852 ,13035 ,1796 ,96 ,186648 ,186648 ,11505 ,13984 ,31308 ,30665 ,28615 ,28128 ,23374 ,13193 ,5365 ,492 ,19 ,199369 ,199369 ,10992 ,13321 ,33667 ,29934 ,28528 ,29999 ,27218 ,16659 ,7670 ,1304 ,77 
서울특별시 관악구 (1162000000),486375 ,486375 ,19261 ,27211 ,109048 ,85509 ,65188 ,66811 ,59999 ,36808 ,14779 ,1690 ,71 ,244409 ,244409 ,9914 ,13895 ,52990 ,47402 ,34858 ,33972 ,27974 ,16777 ,6201 ,412 ,14 ,241966 ,241966 ,9347 ,13316 ,56058 ,38107 ,30330 ,32839 ,32025 ,20031 ,8578 ,1278 ,57 
서울특별시 서초구 (1165000000),409823 ,409823 ,30949 ,44281 ,51368 ,58595 ,74577 ,62637 ,47997 ,27045 ,10493 ,1784 ,97 ,195806 ,195806 ,15887 ,22504 ,24664 ,26900 ,34816 ,31087 ,22176 ,12613 ,4652 ,482 ,25 ,214017 ,214017 ,15062 ,21777 ,26704 ,31695 ,39761 ,31550 ,25821 ,14432 ,5841 ,1302 ,72 
서울특별시 강남구 (1168000000),532577 ,532577 ,34193 ,59284 ,69919 ,77015 ,97576 ,82356 ,61547 ,35302 ,12994 ,2286 ,105 ,254866 ,254866 ,17591 ,30912 ,33241 ,35652 ,44917 ,41351 ,28340 ,16578 ,5706 ,560 ,18 ,277711 ,277711 ,16602 ,28372 ,36678 ,41363 ,52659 ,41005 ,33207 ,18724 ,7288 ,1726 ,87 
서울특별시 송파구 (1171000000),662607 ,662607 ,48426 ,58127 ,89869 ,106608 ,108458 ,102400 ,88254 ,42304 ,15459 ,2608 ,94 ,319407 ,319407 ,24896 ,29783 ,42769 ,50766 ,52487 ,49683 ,41453 ,20602 ,6321 ,631 ,16 ,343200 ,343200 ,23530 ,28344 ,47100 ,55842 ,55971 ,52717 ,46801 ,21702 ,9138 ,1977 ,78 
서울특별시 강동구 (1174000000),461300 ,461300 ,33590 ,38763 ,59688 ,70242 ,74793 ,71537 ,67021 ,32087 ,11620 ,1880 ,79 ,226203 ,226203 ,17443 ,20469 ,29047 ,34780 ,37325 ,35175 ,31479 ,15463 ,4605 ,397 ,20 ,235097 ,235097 ,16147 ,18294 ,30641 ,35462 ,37468 ,36362 ,35542 ,16624 ,7015 ,1483 ,59 
부산광역시  (2600000000),3343504 ,3343504 ,216248 ,265788 ,410214 ,402162 ,501350 ,552022 ,551056 ,301389 ,126986 ,15870 ,419 ,1634958 ,1634958 ,110923 ,136880 ,212373 ,206412 ,252946 ,269150 ,259929 ,136216 ,46625 ,3429 ,75 ,1708546 ,1708546 ,105325 ,128908 ,197841 ,195750 ,248404 ,282872 ,291127 ,165173 ,80361 ,12441 ,344 
부산광역시 중구 (2611000000),40596 ,40596 ,1089 ,1867 ,5932 ,4497 ,5087 ,6663 ,7924 ,5002 ,2198 ,329 ,8 ,19754 ,19754 ,578 ,935 ,2833 ,2404 ,2805 ,3406 ,3763 ,2163 ,782 ,84 ,1 ,20842 ,20842 ,511 ,932 ,3099 ,2093 ,2282 ,3257 ,4161 ,2839 ,1416 ,245 ,7 
부산광역시 서구 (2614000000),104323 ,104323 ,5145 ,7061 ,12830 ,10324 ,13994 ,16960 ,19182 ,12280 ,5807 ,719 ,21 ,50454 ,50454 ,2692 ,3597 ,6259 ,5311 ,7223 ,8726 ,8976 ,5383 ,2145 ,135 ,7 ,53869 ,53869 ,2453 ,3464 ,6571 ,5013 ,6771 ,8234 ,10206 ,6897 ,3662 ,584 ,14 
부산광역시 동구 (2617000000),88283 ,88283 ,3953 ,4812 ,10311 ,10557 ,11622 ,14385 ,16177 ,10749 ,5062 ,636 ,19 ,43152 ,43152 ,2092 ,2485 ,5129 ,5577 ,6265 ,7434 ,7613 ,4643 ,1764 ,147 ,3 ,45131 ,45131 ,1861 ,2327 ,5182 ,4980 ,5357 ,6951 ,8564 ,6106 ,3298 ,489 ,16 
부산광역시 영도구 (2620000000),109660 ,109660 ,4692 ,6975 ,11229 ,10020 ,14352 ,18390 ,22233 ,14655 ,6374 ,720 ,20 ,54032 ,54032 ,2374 ,3570 ,6184 ,5451 ,7477 ,9495 ,10648 ,6418 ,2262 ,151 ,2 ,55628 ,55628 ,2318 ,3405 ,5045 ,4569 ,6875 ,8895 ,11585 ,8237 ,4112 ,569 ,18 
부산광역시 부산진구 (2623000000),351154 ,351154 ,19542 ,23905 ,50534 ,46497 ,49697 ,56157 ,57282 ,31804 ,14117 ,1591 ,28 ,169185 ,169185 ,9900 ,12136 ,24432 ,23669 ,25213 ,27337 ,26802 ,14166 ,5162 ,364 ,4 ,181969 ,181969 ,9642 ,11769 ,26102 ,22828 ,24484 ,28820 ,30480 ,17638 ,8955 ,1227 ,24 
부산광역시 동래구 (2626000000),274134 ,274134 ,20052 ,25235 ,31366 ,33034 ,44069 ,43971 ,42667 ,23317 ,9218 ,1176 ,29 ,133108 ,133108 ,10307 ,13165 ,16203 ,16570 ,21614 ,21070 ,19674 ,10676 ,3553 ,272 ,4 ,141026 ,141026 ,9745 ,12070 ,15163 ,16464 ,22455 ,22901 ,22993 ,12641 ,5665 ,904 ,25 
부산광역시 남구 (2629000000),260581 ,260581 ,16101 ,22641 ,33745 ,27541 ,40127 ,42016 ,41469 ,25337 ,10345 ,1229 ,30 ,127279 ,127279 ,8210 ,11603 ,17880 ,14223 ,20096 ,20652 ,19064 ,11227 ,4043 ,277 ,4 ,133302 ,133302 ,7891 ,11038 ,15865 ,13318 ,20031 ,21364 ,22405 ,14110 ,6302 ,952 ,26 
부산광역시 북구 (2632000000),281198 ,281198 ,17835 ,22238 ,34807 ,33276 ,39423 ,51810 ,49034 ,22477 ,9131 ,1140 ,27 ,138719 ,138719 ,9173 ,11604 ,18514 ,17478 ,19642 ,24461 ,24095 ,10346 ,3199 ,204 ,3 ,142479 ,142479 ,8662 ,10634 ,16293 ,15798 ,19781 ,27349 ,24939 ,12131 ,5932 ,936 ,24 
부산광역시 해운대구 (2635000000),393809 ,393809 ,26504 ,36438 ,45839 ,44449 ,63294 ,69226 ,60403 ,31558 ,14177 ,1865 ,56 ,189199 ,189199 ,13679 ,18768 ,23893 ,21781 ,30215 ,32854 ,28414 ,14077 ,5094 ,407 ,17 ,204610 ,204610 ,12825 ,17670 ,21946 ,22668 ,33079 ,36372 ,31989 ,17481 ,9083 ,1458 ,39 
부산광역시 사하구 (2638000000),305762 ,305762 ,18036 ,24426 ,37623 ,34858 ,44667 ,52863 ,53810 ,27405 ,10654 ,1399 ,21 ,152051 ,152051 ,9293 ,12582 ,20219 ,18559 ,22936 ,25927 ,25786 ,12684 ,3795 ,268 ,2 ,153711 ,153711 ,8743 ,11844 ,17404 ,16299 ,21731 ,26936 ,28024 ,14721 ,6859 ,1131 ,19 
부산광역시 금정구 (2641000000),225608 ,225608 ,11657 ,17029 ,31317 ,23660 ,30766 ,38542 ,39615 ,22127 ,9627 ,1232 ,36 ,110301 ,110301 ,5983 ,8733 ,16980 ,12453 ,15309 ,18422 ,18500 ,10053 ,3591 ,272 ,5 ,115307 ,115307 ,5674 ,8296 ,14337 ,11207 ,15457 ,20120 ,21115 ,12074 ,6036 ,960 ,31 
부산광역시 강서구 (2644000000),143429 ,143429 ,19474 ,13196 ,12599 ,26383 ,26650 ,17164 ,17211 ,7361 ,2895 ,483 ,13 ,74223 ,74223 ,10102 ,6704 ,6795 ,13412 ,14778 ,8949 ,8676 ,3693 ,1016 ,96 ,2 ,69206 ,69206 ,9372 ,6492 ,5804 ,12971 ,11872 ,8215 ,8535 ,3668 ,1879 ,387 ,11 
부산광역시 연제구 (2647000000),206932 ,206932 ,13753 ,16198 ,24610 ,26303 ,31478 ,33433 ,33690 ,18820 ,7725 ,895 ,27 ,99549 ,99549 ,6932 ,8305 ,12395 ,13234 ,15527 ,15876 ,15441 ,8595 ,3038 ,201 ,5 ,107383 ,107383 ,6821 ,7893 ,12215 ,13069 ,15951 ,17557 ,18249 ,10225 ,4687 ,694 ,22 
부산광역시 수영구 (2650000000),174661 ,174661 ,9651 ,11388 ,23579 ,23405 ,24853 ,26946 ,29013 ,17464 ,7381 ,949 ,32 ,82299 ,82299 ,4920 ,5908 ,11279 ,11669 ,12222 ,12545 ,12810 ,7805 ,2876 ,257 ,8 ,92362 ,92362 ,4731 ,5480 ,12300 ,11736 ,12631 ,14401 ,16203 ,9659 ,4505 ,692 ,24 
부산광역시 사상구 (2653000000),206804 ,206804 ,10872 ,14297 ,27180 ,23899 ,28152 ,38341 ,38776 ,17986 ,6598 ,680 ,23 ,104217 ,104217 ,5579 ,7405 ,14485 ,12938 ,14774 ,19104 ,19205 ,8288 ,2317 ,118 ,4 ,102587 ,102587 ,5293 ,6892 ,12695 ,10961 ,13378 ,19237 ,19571 ,9698 ,4281 ,562 ,19 
부산광역시 기장군 (2671000000),176570 ,176570 ,17892 ,18082 ,16713 ,23459 ,33119 ,25155 ,22570 ,13047 ,5677 ,827 ,29 ,87436 ,87436 ,9109 ,9380 ,8893 ,11683 ,16850 ,12892 ,10462 ,5999 ,1988 ,176 ,4 ,89134 ,89134 ,8783 ,8702 ,7820 ,11776 ,16269 ,12263 ,12108 ,7048 ,3689 ,651 ,25 
대구광역시  (2700000000),2380494 ,2380494 ,165124 ,218018 ,305982 ,282579 ,370240 ,418644 ,344215 ,180067 ,84858 ,10498 ,269 ,1172632 ,1172632 ,84598 ,113243 ,162785 ,148678 ,182926 ,204778 ,163856 ,79145 ,30272 ,2319 ,32 ,1207862 ,1207862 ,80526 ,104775 ,143197 ,133901 ,187314 ,213866 ,180359 ,100922 ,54586 ,8179 ,237 
대구광역시 중구 (2711000000),75704 ,75704 ,5048 ,5139 ,11571 ,10759 ,10712 ,11183 ,10219 ,7025 ,3521 ,503 ,24 ,36335 ,36335 ,2564 ,2633 ,5440 ,5600 ,5409 ,5547 ,4752 ,2940 ,1320 ,128 ,2 ,39369 ,39369 ,2484 ,2506 ,6131 ,5159 ,5303 ,5636 ,5467 ,4085 ,2201 ,375 ,22 
대구광역시 동구 (2714000000),341498 ,341498 ,23555 ,26217 ,40164 ,42962 ,50916 ,56497 ,53823 ,31129 ,14520 ,1670 ,45 ,167817 ,167817 ,12029 ,13652 ,21302 ,22902 ,26087 ,27591 ,24979 ,13655 ,5239 ,373 ,8 ,173681 ,173681 ,11526 ,12565 ,18862 ,20060 ,24829 ,28906 ,28844 ,17474 ,9281 ,1297 ,37 
대구광역시 서구 (2717000000),163042 ,163042 ,6578 ,9938 ,19375 ,16517 ,21041 ,31788 ,31892 ,17505 ,7593 ,796 ,19 ,81419 ,81419 ,3404 ,5129 ,10573 ,9428 ,11341 ,16077 ,14966 ,7681 ,2682 ,137 ,1 ,81623 ,81623 ,3174 ,4809 ,8802 ,7089 ,9700 ,15711 ,16926 ,9824 ,4911 ,659 ,18 
대구광역시 남구 (2720000000),142437 ,142437 ,6193 ,8930 ,19574 ,16571 ,19151 ,23942 ,24293 ,14974 ,7790 ,999 ,20 ,68361 ,68361 ,3197 ,4664 ,9703 ,8859 ,9686 ,11713 ,11125 ,6335 ,2853 ,226 ,0 ,74076 ,74076 ,2996 ,4266 ,9871 ,7712 ,9465 ,12229 ,13168 ,8639 ,4937 ,773 ,20 
대구광역시 북구 (2723000000),437284 ,437284 ,31296 ,41878 ,61295 ,52235 ,69641 ,78360 ,58147 ,29310 ,13510 ,1575 ,37 ,217599 ,217599 ,15991 ,21642 ,33152 ,27723 ,34222 ,38766 ,28264 ,12711 ,4798 ,329 ,1 ,219685 ,219685 ,15305 ,20236 ,28143 ,24512 ,35419 ,39594 ,29883 ,16599 ,8712 ,1246 ,36 
대구광역시 수성구 (2726000000),415829 ,415829 ,28286 ,48817 ,51887 ,41520 ,69482 ,74766 ,54492 ,29523 ,14936 ,2056 ,64 ,201055 ,201055 ,14617 ,25636 ,27874 ,20503 ,31758 ,35978 ,25755 ,12887 ,5533 ,504 ,10 ,214774 ,214774 ,13669 ,23181 ,24013 ,21017 ,37724 ,38788 ,28737 ,16636 ,9403 ,1552 ,54 
대구광역시 달서구 (2729000000),542328 ,542328 ,36082 ,52454 ,74066 ,62123 ,84339 ,100982 ,78434 ,35716 ,16110 ,1980 ,42 ,267015 ,267015 ,18490 ,27073 ,39286 ,32802 ,40968 ,48654 ,37700 ,16014 ,5588 ,434 ,6 ,275313 ,275313 ,17592 ,25381 ,34780 ,29321 ,43371 ,52328 ,40734 ,19702 ,10522 ,1546 ,36 
대구광역시 달성군 (2771000000),262372 ,262372 ,28086 ,24645 ,28050 ,39892 ,44958 ,41126 ,32915 ,14885 ,6878 ,919 ,18 ,133031 ,133031 ,14306 ,12814 ,15455 ,20861 ,23455 ,20452 ,16315 ,6922 ,2259 ,188 ,4 ,129341 ,129341 ,13780 ,11831 ,12595 ,19031 ,21503 ,20674 ,16600 ,7963 ,4619 ,731 ,14 
인천광역시  (2800000000),2952699 ,2952699 ,214628 ,270827 ,387276 ,401411 ,481705 ,510727 ,405444 ,181932 ,85018 ,13292 ,439 ,1478272 ,1478272 ,110067 ,139225 ,201739 ,208153 ,246743 ,255125 ,200619 ,83776 ,29942 ,2794 ,89 ,1474427 ,1474427 ,104561 ,131602 ,185537 ,193258 ,234962 ,255602 ,204825 ,98156 ,55076 ,10498 ,350 
인천광역시 중구 (2811000000),145672 ,145672 ,11670 ,13414 ,18790 ,22244 ,25723 ,21724 ,17690 ,9511 ,4198 ,684 ,24 ,75700 ,75700 ,6010 ,6910 ,9675 ,12123 ,13936 ,12039 ,8884 ,4420 ,1542 ,154 ,7 ,69972 ,69972 ,5660 ,6504 ,9115 ,10121 ,11787 ,9685 ,8806 ,5091 ,2656 ,530 ,17 
인천광역시 중구영종출장소 (2811400000),0 ,0 ,0 ,0 ,0 ,0 ,0 ,0 ,0 ,0 ,0 ,0 ,0 ,0 ,0 ,0 ,0 ,0 ,0 ,0 ,0 ,0 ,0 ,0 ,0 ,0 ,0 ,0 ,0 ,0 ,0 ,0 ,0 ,0 ,0 ,0 ,0 ,0 ,0 
인천광역시 중구용유출장소 (2811800000),0 ,0 ,0 ,0 ,0 ,0 ,0 ,0 ,0 ,0 ,0 ,0 ,0 ,0 ,0 ,0 ,0 ,0 ,0 ,0 ,0 ,0 ,0 ,0 ,0 ,0 ,0 ,0 ,0 ,0 ,0 ,0 ,0 ,0 ,0 ,0 ,0 ,0 ,0 
인천광역시 동구 (2814000000),60382 ,60382 ,3310 ,4783 ,6213 ,6556 ,9532 ,9772 ,10300 ,6413 ,3034 ,458 ,11 ,30427 ,30427 ,1735 ,2496 ,3357 ,3522 ,5092 ,5232 ,5006 ,2810 ,1074 ,100 ,3 ,29955 ,29955 ,1575 ,2287 ,2856 ,3034 ,4440 ,4540 ,5294 ,3603 ,1960 ,358 ,8 
인천광역시 미추홀구 (2817700000),406943 ,406943 ,25496 ,31371 ,56438 ,55580 ,63256 ,67418 ,59479 ,31464 ,14312 ,2068 ,61 ,204926 ,204926 ,13018 ,16175 ,29671 ,29948 ,33535 ,34053 ,28428 ,14325 ,5300 ,460 ,13 ,202017 ,202017 ,12478 ,15196 ,26767 ,25632 ,29721 ,33365 ,31051 ,17139 ,9012 ,1608 ,48 
인천광역시 연수구 (2818500000),388732 ,388732 ,36347 ,43344 ,49924 ,55680 ,68899 ,65066 ,44027 ,16157 ,7839 ,1397 ,52 ,192994 ,192994 ,18562 ,22178 ,26022 ,27393 ,33808 ,32094 ,22431 ,7547 ,2661 ,287 ,11 ,195738 ,195738 ,17785 ,21166 ,23902 ,28287 ,35091 ,32972 ,21596 ,8610 ,5178 ,1110 ,41 
인천광역시 남동구 (2820000000),516176 ,516176 ,36955 ,48283 ,68019 ,67898 ,86486 ,88811 ,71746 ,31917 ,13841 ,2143 ,77 ,256441 ,256441 ,19070 ,24729 ,35174 ,35074 ,44129 ,43805 ,34648 ,14573 ,4825 ,403 ,11 ,259735 ,259735 ,17885 ,23554 ,32845 ,32824 ,42357 ,45006 ,37098 ,17344 ,9016 ,1740 ,66 
인천광역시 부평구 (2823700000),484844 ,484844 ,29708 ,40908 ,66310 ,65694 ,74324 ,87475 ,71109 ,32051 ,14966 ,2215 ,84 ,239260 ,239260 ,15160 ,21218 ,33878 ,34038 ,37541 ,42587 ,34576 ,14621 ,5159 ,466 ,16 ,245584 ,245584 ,14548 ,19690 ,32432 ,31656 ,36783 ,44888 ,36533 ,17430 ,9807 ,1749 ,68 
인천광역시 계양구 (2824500000),294201 ,294201 ,16774 ,25036 ,41694 ,37933 ,44145 ,58748 ,44447 ,16055 ,8102 ,1240 ,27 ,146537 ,146537 ,8519 ,12780 ,21917 ,19896 ,22158 ,28447 ,22567 ,7331 ,2650 ,268 ,4 ,147664 ,147664 ,8255 ,12256 ,19777 ,18037 ,21987 ,30301 ,21880 ,8724 ,5452 ,972 ,23 
인천광역시 서구 (2826000000),565436 ,565436 ,50333 ,58052 ,72349 ,82772 ,99375 ,96621 ,66560 ,25936 ,11490 ,1874 ,74 ,285395 ,285395 ,25900 ,29793 ,37341 ,42259 ,51011 ,48829 ,33855 ,12140 ,3886 ,364 ,17 ,280041 ,280041 ,24433 ,28259 ,35008 ,40513 ,48364 ,47792 ,32705 ,13796 ,7604 ,1510 ,57 
인천광역시 서구검단출장소 (2826500000),0 ,0 ,0 ,0 ,0 ,0 ,0 ,0 ,0 ,0 ,0 ,0 ,0 ,0 ,0 ,0 ,0 ,0 ,0 ,0 ,0 ,0 ,0 ,0 ,0 ,0 ,0 ,0 ,0 ,0 ,0 ,0 ,0 ,0 ,0 ,0 ,0 ,0 ,0 
인천광역시 강화군 (2871000000),69780 ,69780 ,3146 ,4526 ,5014 ,5199 ,7655 ,11603 ,15617 ,10023 ,6043 ,940 ,14 ,34932 ,34932 ,1646 ,2346 ,2866 ,2725 ,4097 ,6001 ,7808 ,4819 ,2389 ,231 ,4 ,34848 ,34848 ,1500 ,2180 ,2148 ,2474 ,3558 ,5602 ,7809 ,5204 ,3654 ,709 ,10 
인천광역시 옹진군 (2872000000),20533 ,20533 ,889 ,1110 ,2525 ,1855 ,2310 ,3489 ,4469 ,2405 ,1193 ,273 ,15 ,11660 ,11660 ,447 ,600 ,1838 ,1175 ,1436 ,2038 ,2416 ,1190 ,456 ,61 ,3 ,8873 ,8873 ,442 ,510 ,687 ,680 ,874 ,1451 ,2053 ,1215 ,737 ,212 ,12 
광주광역시  (2900000000),1438463 ,1438463 ,111985 ,151441 ,204317 ,179557 ,236118 ,236826 ,172992 ,95107 ,43765 ,6168 ,187 ,711289 ,711289 ,57459 ,78378 ,106516 ,92046 ,117438 ,117551 ,82375 ,42321 ,15842 ,1341 ,22 ,727174 ,727174 ,54526 ,73063 ,97801 ,87511 ,118680 ,119275 ,90617 ,52786 ,27923 ,4827 ,165 
광주광역시 동구 (2911000000),103081 ,103081 ,7206 ,7256 ,14596 ,13348 ,14117 ,15415 ,15117 ,10197 ,5108 ,698 ,23 ,50834 ,50834 ,3731 ,3704 ,7492 ,6879 ,7416 ,7652 ,7089 ,4529 ,2138 ,200 ,4 ,52247 ,52247 ,3475 ,3552 ,7104 ,6469 ,6701 ,7763 ,8028 ,5668 ,2970 ,498 ,19 
광주광역시 서구 (2914000000),289789 ,289789 ,19633 ,29462 ,44113 ,34604 ,46670 ,49663 ,35949 ,19568 ,8840 ,1244 ,43 ,141932 ,141932 ,10123 ,15516 ,22577 ,17646 ,22674 ,24297 ,16863 ,8706 ,3247 ,281 ,2 ,147857 ,147857 ,9510 ,13946 ,21536 ,16958 ,23996 ,25366 ,19086 ,10862 ,5593 ,963 ,41 
광주광역시 남구 (2915500000),215008 ,215008 ,16756 ,22627 ,27165 ,24873 ,34471 ,32964 ,29100 ,17776 ,8094 ,1149 ,33 ,103265 ,103265 ,8558 ,11305 ,13876 ,12358 ,16931 ,15774 ,13259 ,7912 ,3040 ,245 ,7 ,111743 ,111743 ,8198 ,11322 ,13289 ,12515 ,17540 ,17190 ,15841 ,9864 ,5054 ,904 ,26 
광주광역시 북구 (2917000000),427178 ,427178 ,31750 ,41115 ,60525 ,54489 ,65926 ,71616 ,56265 ,30237 ,13336 ,1866 ,53 ,211901 ,211901 ,16258 ,21626 ,31779 ,28347 ,33258 ,35076 ,26710 ,13605 ,4835 ,402 ,5 ,215277 ,215277 ,15492 ,19489 ,28746 ,26142 ,32668 ,36540 ,29555 ,16632 ,8501 ,1464 ,48 
광주광역시 광산구 (2920000000),403407 ,403407 ,36640 ,50981 ,57918 ,52243 ,74934 ,67168 ,36561 ,17329 ,8387 ,1211 ,35 ,203357 ,203357 ,18789 ,26227 ,30792 ,26816 ,37159 ,34752 ,18454 ,7569 ,2582 ,213 ,4 ,200050 ,200050 ,17851 ,24754 ,27126 ,25427 ,37775 ,32416 ,18107 ,9760 ,5805 ,998 ,31 
대전광역시  (3000000000),1450057 ,1450057 ,106190 ,141226 ,207580 ,188531 ,230213 ,239512 ,192657 ,93219 ,44399 ,6353 ,177 ,723361 ,723361 ,54543 ,73083 ,108713 ,98928 ,114561 ,119654 ,93494 ,42570 ,16323 ,1463 ,29 ,726696 ,726696 ,51647 ,68143 ,98867 ,89603 ,115652 ,119858 ,99163 ,50649 ,28076 ,4890 ,148 
대전광역시 동구 (3011000000),220860 ,220860 ,13810 ,19435 ,29610 ,24764 ,33137 ,36089 ,34445 ,19210 ,9111 ,1217 ,32 ,111261 ,111261 ,7170 ,10005 ,15743 ,13402 ,17309 ,18676 ,16688 ,8633 ,3324 ,304 ,7 ,109599 ,109599 ,6640 ,9430 ,13867 ,11362 ,15828 ,17413 ,17757 ,10577 ,5787 ,913 ,25 
대전광역시 중구 (3014000000),229497 ,229497 ,13590 ,20695 ,29819 ,24865 ,34883 ,38675 ,34897 ,20598 ,10080 ,1354 ,41 ,112944 ,112944 ,6936 ,10679 ,15090 ,12840 ,17641 ,19580 ,16720 ,9254 ,3871 ,324 ,9 ,116553 ,116553 ,6654 ,10016 ,14729 ,12025 ,17242 ,19095 ,18177 ,11344 ,6209 ,1030 ,32 
대전광역시 서구 (3017000000),472417 ,472417 ,35601 ,47735 ,71979 ,64392 ,76124 ,76524 ,59046 ,26834 ,12320 ,1812 ,50 ,232247 ,232247 ,18298 ,24613 ,36709 ,33045 ,36855 ,37098 ,28280 ,12332 ,4614 ,394 ,9 ,240170 ,240170 ,17303 ,23122 ,35270 ,31347 ,39269 ,39426 ,30766 ,14502 ,7706 ,1418 ,41 
대전광역시 유성구 (3020000000),351989 ,351989 ,32772 ,37773 ,52265 ,54450 ,60102 ,54888 ,37443 ,14121 ,6969 ,1178 ,28 ,177768 ,177768 ,16879 ,19609 ,28019 ,28541 ,29450 ,27428 ,18534 ,6635 ,2396 ,275 ,2 ,174221 ,174221 ,15893 ,18164 ,24246 ,25909 ,30652 ,27460 ,18909 ,7486 ,4573 ,903 ,26 
대전광역시 대덕구 (3023000000),175294 ,175294 ,10417 ,15588 ,23907 ,20060 ,25967 ,33336 ,26826 ,12456 ,5919 ,792 ,26 ,89141 ,89141 ,5260 ,8177 ,13152 ,11100 ,13306 ,16872 ,13272 ,5716 ,2118 ,166 ,2 ,86153 ,86153 ,5157 ,7411 ,10755 ,8960 ,12661 ,16464 ,13554 ,6740 ,3801 ,626 ,24 
울산광역시  (3100000000),1118010 ,1118010 ,89972 ,109368 ,135457 ,142946 ,183363 ,206646 ,157852 ,64171 ,24822 ,3343 ,70 ,574444 ,574444 ,46203 ,57509 ,76441 ,76300 ,93905 ,104672 ,79527 ,30732 ,8555 ,595 ,5 ,543566 ,543566 ,43769 ,51859 ,59016 ,66646 ,89458 ,101974 ,78325 ,33439 ,16267 ,2748 ,65 
울산광역시 중구 (3111000000),211523 ,211523 ,14839 ,19301 ,24668 ,24701 ,32848 ,39969 ,33784 ,15075 ,5647 ,677 ,14 ,107106 ,107106 ,7632 ,10309 ,13815 ,13012 ,16820 ,19854 ,16520 ,6987 ,2036 ,119 ,2 ,104417 ,104417 ,7207 ,8992 ,10853 ,11689 ,16028 ,20115 ,17264 ,8088 ,3611 ,558 ,12 
울산광역시 남구 (3114000000),312328 ,312328 ,22128 ,28835 ,42685 ,40473 ,49144 ,60409 ,44314 ,17439 ,6168 ,720 ,13 ,159320 ,159320 ,11361 ,15267 ,23905 ,21734 ,24236 ,30122 ,22056 ,8290 ,2214 ,135 ,0 ,153008 ,153008 ,10767 ,13568 ,18780 ,18739 ,24908 ,30287 ,22258 ,9149 ,3954 ,585 ,13 
울산광역시 동구 (3117000000),153330 ,153330 ,13264 ,15597 ,16600 ,20847 ,26226 ,24603 ,23964 ,9123 ,2739 ,359 ,8 ,80087 ,80087 ,6766 ,8296 ,9297 ,11475 ,14293 ,12432 ,11823 ,4693 ,956 ,55 ,1 ,73243 ,73243 ,6498 ,7301 ,7303 ,9372 ,11933 ,12171 ,12141 ,4430 ,1783 ,304 ,7 
울산광역시 북구 (3120000000),219052 ,219052 ,23622 ,23860 ,25881 ,32505 ,39295 ,39008 ,23018 ,8049 ,3314 ,482 ,18 ,113319 ,113319 ,12144 ,12352 ,14763 ,16998 ,20161 ,19823 ,12128 ,3818 ,1050 ,81 ,1 ,105733 ,105733 ,11478 ,11508 ,11118 ,15507 ,19134 ,19185 ,10890 ,4231 ,2264 ,401 ,17 
울산광역시 울주군 (3171000000),221777 ,221777 ,16119 ,21775 ,25623 ,24420 ,35850 ,42657 ,32772 ,14485 ,6954 ,1105 ,17 ,114612 ,114612 ,8300 ,11285 ,14661 ,13081 ,18395 ,22441 ,17000 ,6944 ,2299 ,205 ,1 ,107165 ,107165 ,7819 ,10490 ,10962 ,11339 ,17455 ,20216 ,15772 ,7541 ,4655 ,900 ,16 
세종특별자치시  (3600000000),377296 ,377296 ,47145 ,46794 ,38927 ,61594 ,74457 ,49979 ,34224 ,15029 ,7770 ,1347 ,30 ,188356 ,188356 ,24050 ,23600 ,19954 ,30000 ,37584 ,26173 ,16986 ,7013 ,2717 ,271 ,8 ,188940 ,188940 ,23095 ,23194 ,18973 ,31594 ,36873 ,23806 ,17238 ,8016 ,5053 ,1076 ,22 
세종특별자치시  (3611000000),377296 ,377296 ,47145 ,46794 ,38927 ,61594 ,74457 ,49979 ,34224 ,15029 ,7770 ,1347 ,30 ,188356 ,188356 ,24050 ,23600 ,19954 ,30000 ,37584 ,26173 ,16986 ,7013 ,2717 ,271 ,8 ,188940 ,188940 ,23095 ,23194 ,18973 ,31594 ,36873 ,23806 ,17238 ,8016 ,5053 ,1076 ,22 
경기도  (4100000000),13575936 ,13575936 ,1084104 ,1319644 ,1781745 ,1889107 ,2296445 ,2282245 ,1696312 ,783195 ,384494 ,56776 ,1869 ,6832830 ,6832830 ,554679 ,677024 ,939394 ,979090 ,1168312 ,1155841 ,844106 ,358187 ,142301 ,13507 ,389 ,6743106 ,6743106 ,529425 ,642620 ,842351 ,910017 ,1128133 ,1126404 ,852206 ,425008 ,242193 ,43269 ,1480 
북부출장소  (4110500000),0 ,0 ,0 ,0 ,0 ,0 ,0 ,0 ,0 ,0 ,0 ,0 ,0 ,0 ,0 ,0 ,0 ,0 ,0 ,0 ,0 ,0 ,0 ,0 ,0 ,0 ,0 ,0 ,0 ,0 ,0 ,0 ,0 ,0 ,0 ,0 ,0 ,0 ,0 
경기도 수원시 (4111000000),1185569 ,1185569 ,89677 ,115130 ,183444 ,177238 ,199145 ,198016 ,133549 ,57655 ,27438 ,4129 ,148 ,597078 ,597078 ,46252 ,59403 ,96239 ,93260 ,100187 ,98906 ,66081 ,25934 ,9847 ,945 ,24 ,588491 ,588491 ,43425 ,55727 ,87205 ,83978 ,98958 ,99110 ,67468 ,31721 ,17591 ,3184 ,124 
경기도 수원시 장안구 (4111100000),273541 ,273541 ,17129 ,27709 ,43318 ,33019 ,43743 ,49279 ,33922 ,15910 ,8145 ,1323 ,44 ,137791 ,137791 ,8788 ,14373 ,23678 ,17496 ,21643 ,24650 ,16778 ,7033 ,3026 ,317 ,9 ,135750 ,135750 ,8341 ,13336 ,19640 ,15523 ,22100 ,24629 ,17144 ,8877 ,5119 ,1006 ,35 
경기도 수원시 권선구 (4111300000),369288 ,369288 ,29893 ,32921 ,53067 ,57417 ,61404 ,62419 ,44565 ,18066 ,8267 ,1222 ,47 ,186562 ,186562 ,15414 ,17017 ,27724 ,30320 ,31757 ,30840 ,22021 ,8291 ,2892 ,280 ,6 ,182726 ,182726 ,14479 ,15904 ,25343 ,27097 ,29647 ,31579 ,22544 ,9775 ,5375 ,942 ,41 
경기도 수원시 팔달구 (4111500000),181595 ,181595 ,9828 ,13442 ,30129 ,26980 ,27244 ,30845 ,24753 ,12093 ,5542 ,711 ,28 ,91523 ,91523 ,4955 ,6912 ,15367 ,14738 ,14148 ,15685 ,12085 ,5423 ,2031 ,175 ,4 ,90072 ,90072 ,4873 ,6530 ,14762 ,12242 ,13096 ,15160 ,12668 ,6670 ,3511 ,536 ,24 
경기도 수원시 영통구 (4111700000),361145 ,361145 ,32827 ,41058 ,56930 ,59822 ,66754 ,55473 ,30309 ,11586 ,5484 ,873 ,29 ,181202 ,181202 ,17095 ,21101 ,29470 ,30706 ,32639 ,27731 ,15197 ,5187 ,1898 ,173 ,5 ,179943 ,179943 ,15732 ,19957 ,27460 ,29116 ,34115 ,27742 ,15112 ,6399 ,3586 ,700 ,24 
경기도 성남시 (4113000000),929463 ,929463 ,65061 ,85077 ,125652 ,134578 ,152586 ,155249 ,121584 ,58284 ,26976 ,4270 ,146 ,460404 ,460404 ,33215 ,43587 ,64465 ,68814 ,75168 ,77691 ,59481 ,26553 ,10329 ,1066 ,35 ,469059 ,469059 ,31846 ,41490 ,61187 ,65764 ,77418 ,77558 ,62103 ,31731 ,16647 ,3204 ,111 
경기도 성남시 수정구 (4113100000),235377 ,235377 ,14745 ,16693 ,33257 ,34690 ,36125 ,39898 ,35080 ,17099 ,6868 ,889 ,33 ,119276 ,119276 ,7459 ,8530 ,17515 ,18637 ,19059 ,20455 ,17114 ,7763 ,2532 ,206 ,6 ,116101 ,116101 ,7286 ,8163 ,15742 ,16053 ,17066 ,19443 ,17966 ,9336 ,4336 ,683 ,27 
경기도 성남시 중원구 (4113300000),209406 ,209406 ,11879 ,15424 ,29272 ,30471 ,31187 ,36494 ,32282 ,15239 ,6284 ,841 ,33 ,106086 ,106086 ,6053 ,7994 ,15198 ,16509 ,16329 ,18567 ,15938 ,7005 ,2330 ,155 ,8 ,103320 ,103320 ,5826 ,7430 ,14074 ,13962 ,14858 ,17927 ,16344 ,8234 ,3954 ,686 ,25 
경기도 성남시 분당구 (4113500000),484680 ,484680 ,38437 ,52960 ,63123 ,69417 ,85274 ,78857 ,54222 ,25946 ,13824 ,2540 ,80 ,235042 ,235042 ,19703 ,27063 ,31752 ,33668 ,39780 ,38669 ,26429 ,11785 ,5467 ,705 ,21 ,249638 ,249638 ,18734 ,25897 ,31371 ,35749 ,45494 ,40188 ,27793 ,14161 ,8357 ,1835 ,59 
경기도 의정부시 (4115000000),464262 ,464262 ,32446 ,41545 ,63793 ,60015 ,73313 ,81563 ,62537 ,31447 ,15551 ,1996 ,56 ,228528 ,228528 ,16818 ,21288 ,32199 ,30752 ,36960 ,40066 ,30306 ,13837 ,5831 ,458 ,13 ,235734 ,235734 ,15628 ,20257 ,31594 ,29263 ,36353 ,41497 ,32231 ,17610 ,9720 ,1538 ,43 
경기도 안양시 (4117000000),549826 ,549826 ,37856 ,50605 ,74208 ,78344 ,85743 ,96095 ,76823 ,32581 ,15150 ,2357 ,64 ,271787 ,271787 ,19268 ,26246 ,38408 ,40346 ,42319 ,46666 ,37531 ,15068 ,5375 ,550 ,10 ,278039 ,278039 ,18588 ,24359 ,35800 ,37998 ,43424 ,49429 ,39292 ,17513 ,9775 ,1807 ,54 
경기도 안양시 만안구 (4117100000),236237 ,236237 ,14383 ,17819 ,32860 ,32824 ,33742 ,42278 ,36894 ,16790 ,7544 ,1074 ,29 ,118137 ,118137 ,7252 ,9314 ,17139 ,17343 ,17419 ,20711 ,18093 ,7845 ,2776 ,243 ,2 ,118100 ,118100 ,7131 ,8505 ,15721 ,15481 ,16323 ,21567 ,18801 ,8945 ,4768 ,831 ,27 
경기도 안양시 동안구 (4117300000),313589 ,313589 ,23473 ,32786 ,41348 ,45520 ,52001 ,53817 ,39929 ,15791 ,7606 ,1283 ,35 ,153650 ,153650 ,12016 ,16932 ,21269 ,23003 ,24900 ,25955 ,19438 ,7223 ,2599 ,307 ,8 ,159939 ,159939 ,11457 ,15854 ,20079 ,22517 ,27101 ,27862 ,20491 ,8568 ,5007 ,976 ,27 
경기도 부천시 (4119000000),802473 ,802473 ,51908 ,67371 ,110054 ,111205 ,124634 ,143949 ,120115 ,48343 ,21455 ,3316 ,123 ,397553 ,397553 ,26746 ,34468 ,56767 ,57348 ,62918 ,69771 ,58845 ,22570 ,7353 ,738 ,29 ,404920 ,404920 ,25162 ,32903 ,53287 ,53857 ,61716 ,74178 ,61270 ,25773 ,14102 ,2578 ,94 
경기도 광명시 (4121000000),290698 ,290698 ,21283 ,29286 ,36102 ,39228 ,49327 ,48923 ,39544 ,17810 ,8009 ,1151 ,35 ,143260 ,143260 ,10859 ,15094 ,18750 ,20028 ,24250 ,24364 ,18834 ,8092 ,2731 ,248 ,10 ,147438 ,147438 ,10424 ,14192 ,17352 ,19200 ,25077 ,24559 ,20710 ,9718 ,5278 ,903 ,25 
경기도 평택시 (4122000000),568405 ,568405 ,49877 ,54376 ,77387 ,86973 ,98326 ,92503 ,62303 ,29169 ,15365 ,2053 ,73 ,296567 ,296567 ,25309 ,27993 ,43083 ,48148 ,52725 ,48933 ,31423 ,12939 ,5512 ,489 ,13 ,271838 ,271838 ,24568 ,26383 ,34304 ,38825 ,45601 ,43570 ,30880 ,16230 ,9853 ,1564 ,60 
경기도 송탄출장소 (4122200000),0 ,0 ,0 ,0 ,0 ,0 ,0 ,0 ,0 ,0 ,0 ,0 ,0 ,0 ,0 ,0 ,0 ,0 ,0 ,0 ,0 ,0 ,0 ,0 ,0 ,0 ,0 ,0 ,0 ,0 ,0 ,0 ,0 ,0 ,0 ,0 ,0 ,0 ,0 
경기도 안중출장소 (4122400000),0 ,0 ,0 ,0 ,0 ,0 ,0 ,0 ,0 ,0 ,0 ,0 ,0 ,0 ,0 ,0 ,0 ,0 ,0 ,0 ,0 ,0 ,0 ,0 ,0 ,0 ,0 ,0 ,0 ,0 ,0 ,0 ,0 ,0 ,0 ,0 ,0 ,0 ,0 
경기도 동두천시 (4125000000),93346 ,93346 ,5683 ,8383 ,10896 ,9880 ,13672 ,16501 ,14377 ,8447 ,4873 ,613 ,21 ,46590 ,46590 ,2908 ,4235 ,5891 ,5175 ,7034 ,8703 ,7102 ,3584 ,1794 ,159 ,5 ,46756 ,46756 ,2775 ,4148 ,5005 ,4705 ,6638 ,7798 ,7275 ,4863 ,3079 ,454 ,16 
경기도 안산시 (4127000000),651153 ,651153 ,40878 ,60667 ,104078 ,85123 ,102835 ,127779 ,81065 ,30569 ,15700 ,2380 ,79 ,333951 ,333951 ,20902 ,31164 ,55470 ,46468 ,52975 ,64887 ,42392 ,13919 ,5254 ,507 ,13 ,317202 ,317202 ,19976 ,29503 ,48608 ,38655 ,49860 ,62892 ,38673 ,16650 ,10446 ,1873 ,66 
경기도 안산시 상록구 (4127100000),349670 ,349670 ,21316 ,32894 ,57103 ,43762 ,54855 ,69136 ,43141 ,17017 ,9033 ,1366 ,47 ,178510 ,178510 ,10890 ,16810 ,30493 ,23812 ,28086 ,35035 ,22449 ,7582 ,3027 ,318 ,8 ,171160 ,171160 ,10426 ,16084 ,26610 ,19950 ,26769 ,34101 ,20692 ,9435 ,6006 ,1048 ,39 
경기도 안산시 단원구 (4127300000),301483 ,301483 ,19562 ,27773 ,46975 ,41361 ,47980 ,58643 ,37924 ,13552 ,6667 ,1014 ,32 ,155441 ,155441 ,10012 ,14354 ,24977 ,22656 ,24889 ,29852 ,19943 ,6337 ,2227 ,189 ,5 ,146042 ,146042 ,9550 ,13419 ,21998 ,18705 ,23091 ,28791 ,17981 ,7215 ,4440 ,825 ,27 
경기도 고양시 (4128000000),1079065 ,1079065 ,77017 ,101511 ,144970 ,142681 ,176149 ,197368 ,135820 ,61766 ,36263 ,5358 ,162 ,527547 ,527547 ,39209 ,51805 ,74068 ,71146 ,85401 ,96567 ,68056 ,26671 ,13166 ,1414 ,44 ,551518 ,551518 ,37808 ,49706 ,70902 ,71535 ,90748 ,100801 ,67764 ,35095 ,23097 ,3944 ,118 
경기도 고양시 덕양구 (4128100000),484122 ,484122 ,36748 ,41162 ,61501 ,69254 ,78188 ,84182 ,63557 ,30588 ,16572 ,2295 ,75 ,238688 ,238688 ,18695 ,20975 ,31627 ,34920 ,39143 ,41777 ,31573 ,13304 ,6064 ,589 ,21 ,245434 ,245434 ,18053 ,20187 ,29874 ,34334 ,39045 ,42405 ,31984 ,17284 ,10508 ,1706 ,54 
경기도 고양시 일산동구 (4128500000),299256 ,299256 ,19766 ,28518 ,43102 ,38378 ,49232 ,56686 ,36911 ,15520 ,9562 ,1541 ,40 ,145540 ,145540 ,10147 ,14626 ,21673 ,18977 ,23349 ,27508 ,18652 ,6742 ,3448 ,404 ,14 ,153716 ,153716 ,9619 ,13892 ,21429 ,19401 ,25883 ,29178 ,18259 ,8778 ,6114 ,1137 ,26 
경기도 고양시 일산서구 (4128700000),295687 ,295687 ,20503 ,31831 ,40367 ,35049 ,48729 ,56500 ,35352 ,15658 ,10129 ,1522 ,47 ,143319 ,143319 ,10367 ,16204 ,20768 ,17249 ,22909 ,27282 ,17831 ,6625 ,3654 ,421 ,9 ,152368 ,152368 ,10136 ,15627 ,19599 ,17800 ,25820 ,29218 ,17521 ,9033 ,6475 ,1101 ,38 
경기도 과천시 (4129000000),78128 ,78128 ,7262 ,7482 ,10095 ,11620 ,11811 ,13173 ,9805 ,4224 ,2213 ,432 ,11 ,38430 ,38430 ,3770 ,3810 ,5264 ,5759 ,5799 ,6362 ,4819 ,1892 ,839 ,113 ,3 ,39698 ,39698 ,3492 ,3672 ,4831 ,5861 ,6012 ,6811 ,4986 ,2332 ,1374 ,319 ,8 
경기도 구리시 (4131000000),191213 ,191213 ,13638 ,17155 ,25524 ,24823 ,31098 ,34833 ,26415 ,11721 ,5309 ,679 ,18 ,94779 ,94779 ,7044 ,8805 ,13108 ,12535 ,15561 ,17065 ,13179 ,5291 ,2004 ,183 ,4 ,96434 ,96434 ,6594 ,8350 ,12416 ,12288 ,15537 ,17768 ,13236 ,6430 ,3305 ,496 ,14 
경기도 남양주시 (4136000000),734033 ,734033 ,62257 ,78425 ,85474 ,89100 ,132461 ,123196 ,92255 ,46556 ,21185 ,3004 ,120 ,365062 ,365062 ,32021 ,40355 ,44438 ,44075 ,66223 ,62815 ,44998 ,21286 ,8123 ,705 ,23 ,368971 ,368971 ,30236 ,38070 ,41036 ,45025 ,66238 ,60381 ,47257 ,25270 ,13062 ,2299 ,97 
경기도 풍양출장소 (4136200000),0 ,0 ,0 ,0 ,0 ,0 ,0 ,0 ,0 ,0 ,0 ,0 ,0 ,0 ,0 ,0 ,0 ,0 ,0 ,0 ,0 ,0 ,0 ,0 ,0 ,0 ,0 ,0 ,0 ,0 ,0 ,0 ,0 ,0 ,0 ,0 ,0 ,0 ,0 
경기도 오산시 (4137000000),229918 ,229918 ,21213 ,24967 ,30830 ,36750 ,44196 ,34313 ,22398 ,10114 ,4528 ,592 ,17 ,119410 ,119410 ,10821 ,12822 ,16719 ,20083 ,23558 ,17978 ,11102 ,4501 ,1692 ,132 ,2 ,110508 ,110508 ,10392 ,12145 ,14111 ,16667 ,20638 ,16335 ,11296 ,5613 ,2836 ,460 ,15 
경기도 시흥시 (4139000000),512455 ,512455 ,46821 ,50508 ,68564 ,76716 ,92908 ,90158 ,54754 ,20467 ,9974 ,1527 ,58 ,267788 ,267788 ,23762 ,25942 ,37410 ,41057 ,50178 ,47301 ,29007 ,9496 ,3320 ,303 ,12 ,244667 ,244667 ,23059 ,24566 ,31154 ,35659 ,42730 ,42857 ,25747 ,10971 ,6654 ,1224 ,46 
경기도 군포시 (4141000000),267173 ,267173 ,18165 ,25135 ,36270 ,36925 ,42062 ,47216 ,36657 ,15243 ,8170 ,1281 ,49 ,132531 ,132531 ,9306 ,13008 ,18876 ,19396 ,20767 ,23027 ,17930 ,6936 ,2929 ,345 ,11 ,134642 ,134642 ,8859 ,12127 ,17394 ,17529 ,21295 ,24189 ,18727 ,8307 ,5241 ,936 ,38 
경기도 의왕시 (4143000000),162493 ,162493 ,12381 ,13942 ,22269 ,22664 ,23871 ,29130 ,23602 ,9286 ,4558 ,767 ,23 ,80678 ,80678 ,6365 ,7184 ,11712 ,11639 ,11940 ,13941 ,11667 ,4412 ,1646 ,170 ,2 ,81815 ,81815 ,6016 ,6758 ,10557 ,11025 ,11931 ,15189 ,11935 ,4874 ,2912 ,597 ,21 
경기도 하남시 (4145000000),323442 ,323442 ,32868 ,29238 ,38068 ,53218 ,58667 ,46190 ,39485 ,17813 ,6705 ,1144 ,46 ,161709 ,161709 ,16826 ,14761 ,19055 ,26753 ,30437 ,23203 ,19099 ,8841 ,2482 ,245 ,7 ,161733 ,161733 ,16042 ,14477 ,19013 ,26465 ,28230 ,22987 ,20386 ,8972 ,4223 ,899 ,39 
경기도 용인시 (4146000000),1075784 ,1075784 ,92690 ,119959 ,136825 ,138767 ,196558 ,173061 ,115189 ,66518 ,31516 ,4545 ,156 ,533595 ,533595 ,47379 ,61374 ,71331 ,69033 ,96625 ,87783 ,55539 ,29906 ,13371 ,1226 ,28 ,542189 ,542189 ,45311 ,58585 ,65494 ,69734 ,99933 ,85278 ,59650 ,36612 ,18145 ,3319 ,128 
경기도 용인시 처인구 (4146100000),259786 ,259786 ,19559 ,24530 ,34157 ,33146 ,43412 ,44232 ,34858 ,16474 ,8130 ,1254 ,34 ,133255 ,133255 ,10048 ,12665 ,18568 ,17759 ,22803 ,22863 ,17621 ,7626 ,3035 ,260 ,7 ,126531 ,126531 ,9511 ,11865 ,15589 ,15387 ,20609 ,21369 ,17237 ,8848 ,5095 ,994 ,27 
경기도 용인시 기흥구 (4146300000),440826 ,440826 ,38640 ,50376 ,57004 ,56100 ,81917 ,70708 ,44696 ,26670 ,12816 ,1826 ,73 ,217571 ,217571 ,19823 ,25825 ,29778 ,27660 ,39866 ,35622 ,21124 ,11819 ,5515 ,524 ,15 ,223255 ,223255 ,18817 ,24551 ,27226 ,28440 ,42051 ,35086 ,23572 ,14851 ,7301 ,1302 ,58 
경기도 용인시 수지구 (4146500000),375172 ,375172 ,34491 ,45053 ,45664 ,49521 ,71229 ,58121 ,35635 ,23374 ,10570 ,1465 ,49 ,182769 ,182769 ,17508 ,22884 ,22985 ,23614 ,33956 ,29298 ,16794 ,10461 ,4821 ,442 ,6 ,192403 ,192403 ,16983 ,22169 ,22679 ,25907 ,37273 ,28823 ,18841 ,12913 ,5749 ,1023 ,43 
경기도 파주시 (4148000000),486131 ,486131 ,43030 ,50474 ,59416 ,68324 ,83456 ,77926 ,56334 ,28945 ,15819 ,2333 ,74 ,246706 ,246706 ,21957 ,25854 ,32039 ,35926 ,42832 ,40638 ,28215 ,12836 ,5816 ,577 ,16 ,239425 ,239425 ,21073 ,24620 ,27377 ,32398 ,40624 ,37288 ,28119 ,16109 ,10003 ,1756 ,58 
경기도 이천시 (4150000000),222714 ,222714 ,17529 ,21801 ,30963 ,30603 ,35197 ,35724 ,29159 ,13383 ,7288 ,1041 ,26 ,115639 ,115639 ,9056 ,11312 ,17639 ,16573 ,18270 ,18600 ,15009 ,6225 ,2693 ,258 ,4 ,107075 ,107075 ,8473 ,10489 ,13324 ,14030 ,16927 ,17124 ,14150 ,7158 ,4595 ,783 ,22 
경기도 안성시 (4155000000),189539 ,189539 ,12877 ,17655 ,22920 ,22603 ,30181 ,32028 ,28004 ,14062 ,8006 ,1168 ,35 ,97908 ,97908 ,6675 ,9140 ,12688 ,12421 ,16169 ,16985 ,14177 ,6533 ,2863 ,253 ,4 ,91631 ,91631 ,6202 ,8515 ,10232 ,10182 ,14012 ,15043 ,13827 ,7529 ,5143 ,915 ,31 
경기도 김포시 (4157000000),485882 ,485882 ,52514 ,50270 ,51666 ,73497 ,92917 ,69619 ,54677 ,27103 ,11827 ,1739 ,53 ,243002 ,243002 ,26789 ,25578 ,26518 ,36048 ,48167 ,35529 ,26686 ,12744 ,4528 ,399 ,16 ,242880 ,242880 ,25725 ,24692 ,25148 ,37449 ,44750 ,34090 ,27991 ,14359 ,7299 ,1340 ,37 
경기도 화성시 (4159000000),890668 ,890668 ,99763 ,102029 ,109081 ,149766 ,173257 ,124296 ,80030 ,34008 ,16012 ,2370 ,56 ,462876 ,462876 ,50905 ,52004 ,59321 ,78583 ,91908 ,66754 ,41018 ,16022 ,5863 ,488 ,10 ,427792 ,427792 ,48858 ,50025 ,49760 ,71183 ,81349 ,57542 ,39012 ,17986 ,10149 ,1882 ,46 
경기도 화성시동부출장소 (4159200000),0 ,0 ,0 ,0 ,0 ,0 ,0 ,0 ,0 ,0 ,0 ,0 ,0 ,0 ,0 ,0 ,0 ,0 ,0 ,0 ,0 ,0 ,0 ,0 ,0 ,0 ,0 ,0 ,0 ,0 ,0 ,0 ,0 ,0 ,0 ,0 ,0 ,0 ,0 
경기도 화성시동탄출장소 (4159400000),0 ,0 ,0 ,0 ,0 ,0 ,0 ,0 ,0 ,0 ,0 ,0 ,0 ,0 ,0 ,0 ,0 ,0 ,0 ,0 ,0 ,0 ,0 ,0 ,0 ,0 ,0 ,0 ,0 ,0 ,0 ,0 ,0 ,0 ,0 ,0 ,0 ,0 ,0 
경기도 광주시 (4161000000),388213 ,388213 ,32841 ,34295 ,44412 ,55002 ,68253 ,65726 ,53399 ,23319 ,9552 ,1367 ,47 ,198100 ,198100 ,16749 ,17572 ,23631 ,28581 ,35920 ,33683 ,26639 ,11301 ,3727 ,290 ,7 ,190113 ,190113 ,16092 ,16723 ,20781 ,26421 ,32333 ,32043 ,26760 ,12018 ,5825 ,1077 ,40 
경기도 양주시 (4163000000),236239 ,236239 ,19298 ,24271 ,27468 ,27705 ,39771 ,39685 ,32011 ,16641 ,8184 ,1164 ,41 ,119761 ,119761 ,9793 ,12348 ,14845 ,14349 ,20400 ,20755 ,16115 ,7798 ,3091 ,256 ,11 ,116478 ,116478 ,9505 ,11923 ,12623 ,13356 ,19371 ,18930 ,15896 ,8843 ,5093 ,908 ,30 
경기도 포천시 (4165000000),148527 ,148527 ,7956 ,11577 ,17969 ,14560 ,19453 ,29055 ,27445 ,12343 ,7113 ,1017 ,39 ,78764 ,78764 ,4081 ,6066 ,10413 ,8193 ,10470 ,15964 ,14900 ,5843 ,2571 ,251 ,12 ,69763 ,69763 ,3875 ,5511 ,7556 ,6367 ,8983 ,13091 ,12545 ,6500 ,4542 ,766 ,27 
경기도 여주시 (4167000000),112393 ,112393 ,6801 ,9347 ,11765 ,11054 ,15771 ,20049 ,20440 ,10347 ,5870 ,921 ,28 ,57167 ,57167 ,3499 ,4843 ,6454 ,5844 ,8125 ,10559 ,10383 ,5030 ,2202 ,224 ,4 ,55226 ,55226 ,3302 ,4504 ,5311 ,5210 ,7646 ,9490 ,10057 ,5317 ,3668 ,697 ,24 
경기도 연천군 (4180000000),42784 ,42784 ,2485 ,3008 ,5070 ,4069 ,4713 ,6970 ,8137 ,4837 ,3055 ,426 ,14 ,22452 ,22452 ,1269 ,1583 ,3265 ,2340 ,2568 ,3766 ,4233 ,2215 ,1102 ,106 ,5 ,20332 ,20332 ,1216 ,1425 ,1805 ,1729 ,2145 ,3204 ,3904 ,2622 ,1953 ,320 ,9 
경기도 가평군 (4182000000),62221 ,62221 ,3068 ,4467 ,6036 ,5433 ,7724 ,11044 ,13162 ,6794 ,3925 ,547 ,21 ,32070 ,32070 ,1542 ,2308 ,3502 ,2976 ,4149 ,5856 ,6777 ,3259 ,1539 ,156 ,6 ,30151 ,30151 ,1526 ,2159 ,2534 ,2457 ,3575 ,5188 ,6385 ,3535 ,2386 ,391 ,15 
경기도 양평군 (4183000000),121726 ,121726 ,6961 ,9688 ,10476 ,10643 ,16390 ,20907 ,25237 ,13400 ,6905 ,1089 ,30 ,61138 ,61138 ,3584 ,5072 ,5826 ,5441 ,8309 ,10723 ,12563 ,6653 ,2708 ,253 ,6 ,60588 ,60588 ,3377 ,4616 ,4650 ,5202 ,8081 ,10184 ,12674 ,6747 ,4197 ,836 ,24 
강원도  (4200000000),1539036 ,1539036 ,99746 ,133018 ,173888 ,161808 ,218923 ,264002 ,262953 ,134201 ,78247 ,11888 ,362 ,774522 ,774522 ,51043 ,69210 ,97798 ,85466 ,111834 ,136319 ,131308 ,60800 ,28089 ,2582 ,73 ,764514 ,764514 ,48703 ,63808 ,76090 ,76342 ,107089 ,127683 ,131645 ,73401 ,50158 ,9306 ,289 
동해출장소  (4210500000),0 ,0 ,0 ,0 ,0 ,0 ,0 ,0 ,0 ,0 ,0 ,0 ,0 ,0 ,0 ,0 ,0 ,0 ,0 ,0 ,0 ,0 ,0 ,0 ,0 ,0 ,0 ,0 ,0 ,0 ,0 ,0 ,0 ,0 ,0 ,0 ,0 ,0 ,0 
강원도 춘천시 (4211000000),285372 ,285372 ,20687 ,26386 ,37468 ,34277 ,41970 ,46823 ,42258 ,20536 ,12930 ,1973 ,64 ,140874 ,140874 ,10566 ,13720 ,20020 ,17648 ,20684 ,23592 ,20417 ,9034 ,4700 ,473 ,20 ,144498 ,144498 ,10121 ,12666 ,17448 ,16629 ,21286 ,23231 ,21841 ,11502 ,8230 ,1500 ,44 
강원도 원주시 (4213000000),358659 ,358659 ,27176 ,35192 ,44568 ,45427 ,56886 ,61423 ,50685 ,21978 ,13239 ,2025 ,60 ,177773 ,177773 ,13872 ,18188 ,23725 ,23109 ,27944 ,30794 ,25110 ,9886 ,4692 ,445 ,8 ,180886 ,180886 ,13304 ,17004 ,20843 ,22318 ,28942 ,30629 ,25575 ,12092 ,8547 ,1580 ,52 
강원도 강릉시 (4215000000),212642 ,212642 ,12634 ,18226 ,24389 ,21022 ,31606 ,36590 ,35949 ,19763 ,10678 ,1734 ,51 ,105514 ,105514 ,6511 ,9566 ,13397 ,11146 ,16030 ,18553 ,17182 ,8897 ,3881 ,342 ,9 ,107128 ,107128 ,6123 ,8660 ,10992 ,9876 ,15576 ,18037 ,18767 ,10866 ,6797 ,1392 ,42 
강원도 동해시 (4217000000),89804 ,89804 ,6155 ,8443 ,9186 ,8562 ,14190 ,15628 ,14834 ,8042 ,4157 ,596 ,11 ,45651 ,45651 ,3184 ,4428 ,5412 ,4597 ,7373 ,8151 ,7190 ,3654 ,1547 ,113 ,2 ,44153 ,44153 ,2971 ,4015 ,3774 ,3965 ,6817 ,7477 ,7644 ,4388 ,2610 ,483 ,9 
강원도 태백시 (4219000000),40331 ,40331 ,2213 ,3543 ,3379 ,3133 ,5999 ,6995 ,7743 ,4820 ,2256 ,245 ,5 ,20392 ,20392 ,1168 ,1833 ,1956 ,1687 ,3183 ,3770 ,3813 ,2114 ,816 ,51 ,1 ,19939 ,19939 ,1045 ,1710 ,1423 ,1446 ,2816 ,3225 ,3930 ,2706 ,1440 ,194 ,4 
강원도 속초시 (4221000000),82737 ,82737 ,5581 ,7093 ,8821 ,9052 ,12111 ,15104 ,14046 ,6819 ,3493 ,606 ,11 ,41042 ,41042 ,2831 ,3715 ,4972 ,4897 ,6063 ,7452 ,6819 ,2956 ,1230 ,106 ,1 ,41695 ,41695 ,2750 ,3378 ,3849 ,4155 ,6048 ,7652 ,7227 ,3863 ,2263 ,500 ,10 
강원도 삼척시 (4223000000),64264 ,64264 ,3529 ,5358 ,6870 ,5221 ,8563 ,10918 ,11974 ,7040 ,4117 ,660 ,14 ,32486 ,32486 ,1776 ,2758 ,3863 ,2809 ,4657 ,5946 ,6038 ,3160 ,1345 ,134 ,0 ,31778 ,31778 ,1753 ,2600 ,3007 ,2412 ,3906 ,4972 ,5936 ,3880 ,2772 ,526 ,14 
강원도 홍천군 (4272000000),68047 ,68047 ,3469 ,4840 ,6305 ,5637 ,7906 ,11954 ,15309 ,7206 ,4727 ,672 ,22 ,35040 ,35040 ,1783 ,2444 ,3816 ,3076 ,4213 ,6364 ,7985 ,3479 ,1719 ,159 ,2 ,33007 ,33007 ,1686 ,2396 ,2489 ,2561 ,3693 ,5590 ,7324 ,3727 ,3008 ,513 ,20 
강원도 횡성군 (4273000000),46401 ,46401 ,2079 ,3343 ,3535 ,3223 ,4900 ,8419 ,11216 ,5602 ,3511 ,547 ,26 ,23803 ,23803 ,1097 ,1736 ,2039 ,1718 ,2694 ,4466 ,5877 ,2749 ,1318 ,106 ,3 ,22598 ,22598 ,982 ,1607 ,1496 ,1505 ,2206 ,3953 ,5339 ,2853 ,2193 ,441 ,23 
강원도 영월군 (4275000000),38003 ,38003 ,1544 ,2768 ,3091 ,2560 ,4326 ,7044 ,8605 ,4765 ,2904 ,382 ,14 ,19698 ,19698 ,820 ,1523 ,1769 ,1405 ,2320 ,3915 ,4572 ,2224 ,1049 ,97 ,4 ,18305 ,18305 ,724 ,1245 ,1322 ,1155 ,2006 ,3129 ,4033 ,2541 ,1855 ,285 ,10 
강원도 평창군 (4276000000),41136 ,41136 ,1707 ,2718 ,3223 ,2795 ,5026 ,7743 ,9609 ,4994 ,2907 ,397 ,17 ,21204 ,21204 ,849 ,1443 ,1927 ,1528 ,2754 ,4150 ,5022 ,2387 ,1067 ,75 ,2 ,19932 ,19932 ,858 ,1275 ,1296 ,1267 ,2272 ,3593 ,4587 ,2607 ,1840 ,322 ,15 
강원도 정선군 (4277000000),35446 ,35446 ,1570 ,2362 ,2542 ,2688 ,4576 ,6626 ,7955 ,4403 ,2372 ,342 ,10 ,18474 ,18474 ,802 ,1228 ,1495 ,1502 ,2615 ,3728 ,4217 ,1986 ,830 ,68 ,3 ,16972 ,16972 ,768 ,1134 ,1047 ,1186 ,1961 ,2898 ,3738 ,2417 ,1542 ,274 ,7 
강원도 철원군 (4278000000),42964 ,42964 ,3068 ,3521 ,5113 ,4453 ,5392 ,6863 ,7287 ,4421 ,2460 ,373 ,13 ,22254 ,22254 ,1531 ,1843 ,3299 ,2477 ,2839 ,3651 ,3661 ,1968 ,886 ,97 ,2 ,20710 ,20710 ,1537 ,1678 ,1814 ,1976 ,2553 ,3212 ,3626 ,2453 ,1574 ,276 ,11 
강원도 화천군 (4279000000),24046 ,24046 ,1654 ,1700 ,3483 ,2730 ,2588 ,3753 ,4189 ,2183 ,1532 ,222 ,12 ,13039 ,13039 ,863 ,852 ,2385 ,1626 ,1407 ,2043 ,2278 ,1004 ,521 ,55 ,5 ,11007 ,11007 ,791 ,848 ,1098 ,1104 ,1181 ,1710 ,1911 ,1179 ,1011 ,167 ,7 
강원도 양구군 (4280000000),21701 ,21701 ,1605 ,1939 ,2809 ,2450 ,2414 ,3355 ,3722 ,1947 ,1268 ,184 ,8 ,11402 ,11402 ,801 ,953 ,1860 ,1369 ,1295 ,1775 ,1989 ,869 ,446 ,41 ,4 ,10299 ,10299 ,804 ,986 ,949 ,1081 ,1119 ,1580 ,1733 ,1078 ,822 ,143 ,4 
강원도 인제군 (4281000000),32216 ,32216 ,2481 ,2257 ,4138 ,3973 ,3973 ,5058 ,5812 ,2640 ,1619 ,259 ,6 ,17527 ,17527 ,1258 ,1197 ,2789 ,2309 ,2205 ,2722 ,3135 ,1264 ,575 ,69 ,4 ,14689 ,14689 ,1223 ,1060 ,1349 ,1664 ,1768 ,2336 ,2677 ,1376 ,1044 ,190 ,2 
강원도 고성군 (4282000000),27366 ,27366 ,1364 ,1595 ,2681 ,2381 ,3069 ,4781 ,5746 ,3389 ,2027 ,326 ,7 ,14111 ,14111 ,699 ,864 ,1716 ,1340 ,1697 ,2600 ,2945 ,1476 ,692 ,81 ,1 ,13255 ,13255 ,665 ,731 ,965 ,1041 ,1372 ,2181 ,2801 ,1913 ,1335 ,245 ,6 
강원도 양양군 (4283000000),27901 ,27901 ,1230 ,1734 ,2287 ,2224 ,3428 ,4925 ,6014 ,3653 ,2050 ,345 ,11 ,14238 ,14238 ,632 ,919 ,1358 ,1223 ,1861 ,2647 ,3058 ,1693 ,775 ,70 ,2 ,13663 ,13663 ,598 ,815 ,929 ,1001 ,1567 ,2278 ,2956 ,1960 ,1275 ,275 ,9 
충청북도  (4300000000),1597484 ,1597484 ,114913 ,146200 ,192955 ,189005 ,237475 ,270001 ,244286 ,121784 ,70730 ,9837 ,298 ,811004 ,811004 ,58662 ,75882 ,107573 ,101455 ,122843 ,139054 ,122877 ,55854 ,24599 ,2156 ,49 ,786480 ,786480 ,56251 ,70318 ,85382 ,87550 ,114632 ,130947 ,121409 ,65930 ,46131 ,7681 ,249 
충청북도 청주시 (4311000000),848875 ,848875 ,69937 ,84574 ,117832 ,117133 ,136265 ,137852 ,107141 ,48790 ,25623 ,3620 ,108 ,428136 ,428136 ,35619 ,43745 ,64329 ,62073 ,69025 ,69020 ,52625 ,22127 ,8809 ,750 ,14 ,420739 ,420739 ,34318 ,40829 ,53503 ,55060 ,67240 ,68832 ,54516 ,26663 ,16814 ,2870 ,94 
충청북도 청주시 상당구 (4311100000),194484 ,194484 ,15873 ,19622 ,24088 ,23501 ,30665 ,33351 ,26763 ,12654 ,6943 ,992 ,32 ,96558 ,96558 ,8005 ,10141 ,13004 ,12047 ,15193 ,16580 ,13275 ,5717 ,2379 ,213 ,4 ,97926 ,97926 ,7868 ,9481 ,11084 ,11454 ,15472 ,16771 ,13488 ,6937 ,4564 ,779 ,28 
충청북도 청주시 서원구 (4311200000),192916 ,192916 ,12504 ,19310 ,28004 ,22256 ,29502 ,33763 ,27340 ,12730 ,6586 ,898 ,23 ,96008 ,96008 ,6392 ,10034 ,15189 ,11756 ,14567 ,16616 ,13200 ,5737 ,2326 ,189 ,2 ,96908 ,96908 ,6112 ,9276 ,12815 ,10500 ,14935 ,17147 ,14140 ,6993 ,4260 ,709 ,21 
충청북도 청주시 흥덕구 (4311300000),267299 ,267299 ,23018 ,26205 ,40124 ,40994 ,43398 ,42989 ,30619 ,12771 ,6254 ,902 ,25 ,135734 ,135734 ,11727 ,13539 ,21774 ,21758 ,22041 ,21534 ,15172 ,5846 ,2165 ,175 ,3 ,131565 ,131565 ,11291 ,12666 ,18350 ,19236 ,21357 ,21455 ,15447 ,6925 ,4089 ,727 ,22 
충청북도 청주시 청원구 (4311400000),194176 ,194176 ,18542 ,19437 ,25616 ,30382 ,32700 ,27749 ,22419 ,10635 ,5840 ,828 ,28 ,99836 ,99836 ,9495 ,10031 ,14362 ,16512 ,17224 ,14290 ,10978 ,4827 ,1939 ,173 ,5 ,94340 ,94340 ,9047 ,9406 ,11254 ,13870 ,15476 ,13459 ,11441 ,5808 ,3901 ,655 ,23 
충청북도 충주시 (4313000000),208946 ,208946 ,13579 ,18259 ,23226 ,22579 ,30159 ,36796 ,34683 ,17463 ,10734 ,1431 ,37 ,105760 ,105760 ,6839 ,9503 ,13376 ,12351 ,15528 ,18803 ,17414 ,7842 ,3774 ,324 ,6 ,103186 ,103186 ,6740 ,8756 ,9850 ,10228 ,14631 ,17993 ,17269 ,9621 ,6960 ,1107 ,31 
충청북도 제천시 (4315000000),132416 ,132416 ,7974 ,11812 ,14693 ,12150 ,17541 ,23330 ,24523 ,12566 ,6922 ,866 ,39 ,66625 ,66625 ,4080 ,6096 ,8276 ,6462 ,8971 ,11978 ,12244 ,5796 ,2523 ,192 ,7 ,65791 ,65791 ,3894 ,5716 ,6417 ,5688 ,8570 ,11352 ,12279 ,6770 ,4399 ,674 ,32 
충청북도 보은군 (4372000000),31800 ,31800 ,1304 ,1982 ,2186 ,1993 ,3107 ,5565 ,7430 ,4411 ,3288 ,522 ,12 ,16034 ,16034 ,677 ,1047 ,1305 ,1094 ,1718 ,3093 ,3842 ,2051 ,1086 ,121 ,0 ,15766 ,15766 ,627 ,935 ,881 ,899 ,1389 ,2472 ,3588 ,2360 ,2202 ,401 ,12 
충청북도 옥천군 (4373000000),49887 ,49887 ,2300 ,3733 ,4016 ,3593 ,6002 ,8700 ,10550 ,6380 ,3982 ,615 ,16 ,25159 ,25159 ,1196 ,1981 ,2287 ,1860 ,3215 ,4672 ,5404 ,3037 ,1351 ,154 ,2 ,24728 ,24728 ,1104 ,1752 ,1729 ,1733 ,2787 ,4028 ,5146 ,3343 ,2631 ,461 ,14 
충청북도 영동군 (4374000000),45536 ,45536 ,1988 ,3161 ,3706 ,2914 ,4901 ,8022 ,9864 ,6325 ,4092 ,544 ,19 ,22682 ,22682 ,1014 ,1646 ,2087 ,1537 ,2647 ,4289 ,5093 ,2831 ,1421 ,115 ,2 ,22854 ,22854 ,974 ,1515 ,1619 ,1377 ,2254 ,3733 ,4771 ,3494 ,2671 ,429 ,17 
충청북도 증평군 (4374500000),36822 ,36822 ,2916 ,3383 ,4431 ,4379 ,5564 ,6108 ,5482 ,2771 ,1585 ,199 ,4 ,19192 ,19192 ,1520 ,1762 ,2649 ,2437 ,2977 ,3233 ,2753 ,1271 ,548 ,42 ,0 ,17630 ,17630 ,1396 ,1621 ,1782 ,1942 ,2587 ,2875 ,2729 ,1500 ,1037 ,157 ,4 
충청북도 진천군 (4375000000),85596 ,85596 ,7353 ,8350 ,9269 ,11305 ,13925 ,13946 ,11593 ,5597 ,3746 ,498 ,14 ,45006 ,45006 ,3799 ,4346 ,5376 ,6270 ,7567 ,7637 ,6003 ,2610 ,1292 ,101 ,5 ,40590 ,40590 ,3554 ,4004 ,3893 ,5035 ,6358 ,6309 ,5590 ,2987 ,2454 ,397 ,9 
충청북도 괴산군 (4376000000),37323 ,37323 ,1208 ,1877 ,2561 ,2161 ,3645 ,7039 ,9440 ,5377 ,3493 ,507 ,15 ,19240 ,19240 ,620 ,959 ,1528 ,1245 ,2097 ,3839 ,5028 ,2567 ,1240 ,113 ,4 ,18083 ,18083 ,588 ,918 ,1033 ,916 ,1548 ,3200 ,4412 ,2810 ,2253 ,394 ,11 
충청북도 음성군 (4377000000),92155 ,92155 ,5317 ,7276 ,9034 ,9021 ,13364 ,17381 ,16709 ,8280 ,5001 ,750 ,22 ,48905 ,48905 ,2752 ,3836 ,5195 ,5168 ,7446 ,9672 ,8922 ,3983 ,1754 ,170 ,7 ,43250 ,43250 ,2565 ,3440 ,3839 ,3853 ,5918 ,7709 ,7787 ,4297 ,3247 ,580 ,15 
충청북도 단양군 (4380000000),28128 ,28128 ,1037 ,1793 ,2001 ,1777 ,3002 ,5262 ,6871 ,3824 ,2264 ,285 ,12 ,14265 ,14265 ,546 ,961 ,1165 ,958 ,1652 ,2818 ,3549 ,1739 ,801 ,74 ,2 ,13863 ,13863 ,491 ,832 ,836 ,819 ,1350 ,2444 ,3322 ,2085 ,1463 ,211 ,10 
충청남도  (4400000000),2119099 ,2119099 ,159515 ,200820 ,236030 ,256461 ,326517 ,340167 ,303702 ,172766 ,106438 ,16246 ,437 ,1083753 ,1083753 ,81588 ,104256 ,130803 ,138378 ,173918 ,180565 ,152927 ,79893 ,37522 ,3839 ,64 ,1035346 ,1035346 ,77927 ,96564 ,105227 ,118083 ,152599 ,159602 ,150775 ,92873 ,68916 ,12407 ,373 
충청남도 천안시 (4413000000),656702 ,656702 ,57033 ,67557 ,94383 ,100687 ,111698 ,104264 ,71067 ,31240 ,16256 ,2454 ,63 ,335893 ,335893 ,29173 ,34948 ,49956 ,53645 ,58121 ,53423 ,35990 ,14408 ,5665 ,553 ,11 ,320809 ,320809 ,27860 ,32609 ,44427 ,47042 ,53577 ,50841 ,35077 ,16832 ,10591 ,1901 ,52 
충청남도 천안시 동남구 (4413100000),254934 ,254934 ,18341 ,25507 ,34358 ,31232 ,41709 ,43394 ,34501 ,16034 ,8511 ,1316 ,31 ,129307 ,129307 ,9476 ,13232 ,18271 ,16533 ,21533 ,22079 ,17347 ,7505 ,3030 ,295 ,6 ,125627 ,125627 ,8865 ,12275 ,16087 ,14699 ,20176 ,21315 ,17154 ,8529 ,5481 ,1021 ,25 
충청남도 천안시 서북구 (4413300000),401768 ,401768 ,38692 ,42050 ,60025 ,69455 ,69989 ,60870 ,36566 ,15206 ,7745 ,1138 ,32 ,206586 ,206586 ,19697 ,21716 ,31685 ,37112 ,36588 ,31344 ,18643 ,6903 ,2635 ,258 ,5 ,195182 ,195182 ,18995 ,20334 ,28340 ,32343 ,33401 ,29526 ,17923 ,8303 ,5110 ,880 ,27 
충청남도 공주시 (4415000000),103214 ,103214 ,5133 ,8072 ,10943 ,8780 ,12819 ,17588 ,19755 ,11434 ,7461 ,1195 ,34 ,51566 ,51566 ,2673 ,4188 ,5941 ,4746 ,6752 ,9070 ,9893 ,5346 ,2640 ,312 ,5 ,51648 ,51648 ,2460 ,3884 ,5002 ,4034 ,6067 ,8518 ,9862 ,6088 ,4821 ,883 ,29 
충청남도 보령시 (4418000000),97959 ,97959 ,5463 ,7923 ,8936 ,8680 ,13244 ,16501 ,18053 ,11414 ,6687 ,1032 ,26 ,49663 ,49663 ,2767 ,4099 ,5206 ,4740 ,7230 ,8851 ,8933 ,5198 ,2403 ,232 ,4 ,48296 ,48296 ,2696 ,3824 ,3730 ,3940 ,6014 ,7650 ,9120 ,6216 ,4284 ,800 ,22 
충청남도 아산시 (4420000000),328576 ,328576 ,31660 ,36051 ,37638 ,48510 ,59508 ,48946 ,35776 ,18506 ,10428 ,1513 ,40 ,171025 ,171025 ,16298 ,18537 ,20940 ,25903 ,32236 ,26639 ,18084 ,8328 ,3712 ,342 ,6 ,157551 ,157551 ,15362 ,17514 ,16698 ,22607 ,27272 ,22307 ,17692 ,10178 ,6716 ,1171 ,34 
충청남도 서산시 (4421000000),176452 ,176452 ,14466 ,17001 ,18710 ,21285 ,27803 ,28765 ,24202 ,14018 ,8749 ,1410 ,43 ,91992 ,91992 ,7331 ,9009 ,11228 ,11895 ,14814 ,15451 ,12171 ,6675 ,3124 ,291 ,3 ,84460 ,84460 ,7135 ,7992 ,7482 ,9390 ,12989 ,13314 ,12031 ,7343 ,5625 ,1119 ,40 
충청남도 논산시 (4423000000),114043 ,114043 ,6574 ,9288 ,10668 ,10070 ,14515 ,19159 ,21084 ,12801 ,8522 ,1329 ,33 ,56929 ,56929 ,3343 ,4778 ,5977 ,5360 ,7676 ,10128 ,10645 ,5819 ,2862 ,334 ,7 ,57114 ,57114 ,3231 ,4510 ,4691 ,4710 ,6839 ,9031 ,10439 ,6982 ,5660 ,995 ,26 
충청남도 계룡시 (4425000000),43419 ,43419 ,3730 ,6202 ,4773 ,4674 ,8280 ,7195 ,5013 ,2178 ,1172 ,199 ,3 ,21666 ,21666 ,1858 ,3260 ,2667 ,2394 ,4016 ,3609 ,2411 ,1032 ,379 ,39 ,1 ,21753 ,21753 ,1872 ,2942 ,2106 ,2280 ,4264 ,3586 ,2602 ,1146 ,793 ,160 ,2 
충청남도 당진시 (4427000000),166971 ,166971 ,14226 ,15880 ,15470 ,21277 ,27258 ,26660 ,22963 ,13439 ,8500 ,1258 ,40 ,88907 ,88907 ,7202 ,8343 ,9099 ,12210 ,15318 ,15081 ,11919 ,6364 ,3048 ,321 ,2 ,78064 ,78064 ,7024 ,7537 ,6371 ,9067 ,11940 ,11579 ,11044 ,7075 ,5452 ,937 ,38 
충청남도 금산군 (4471000000),50290 ,50290 ,2222 ,4141 ,3619 ,3253 ,5874 ,8836 ,10483 ,6743 ,4486 ,621 ,12 ,25381 ,25381 ,1122 ,2164 ,2098 ,1714 ,3202 ,4895 ,5392 ,3143 ,1493 ,156 ,2 ,24909 ,24909 ,1100 ,1977 ,1521 ,1539 ,2672 ,3941 ,5091 ,3600 ,2993 ,465 ,10 
충청남도 부여군 (4476000000),63324 ,63324 ,2571 ,4352 ,4859 ,4033 ,6671 ,10154 ,13650 ,9294 ,6618 ,1087 ,35 ,31454 ,31454 ,1371 ,2317 ,2798 ,2187 ,3643 ,5336 ,6912 ,4270 ,2345 ,270 ,5 ,31870 ,31870 ,1200 ,2035 ,2061 ,1846 ,3028 ,4818 ,6738 ,5024 ,4273 ,817 ,30 
충청남도 서천군 (4477000000),50597 ,50597 ,2087 ,3285 ,3525 ,3112 ,5392 ,8152 ,10575 ,8024 ,5489 ,938 ,18 ,24973 ,24973 ,1049 ,1673 ,2080 ,1705 ,2915 ,4470 ,5231 ,3669 ,1950 ,230 ,1 ,25624 ,25624 ,1038 ,1612 ,1445 ,1407 ,2477 ,3682 ,5344 ,4355 ,3539 ,708 ,17 
충청남도 청양군 (4479000000),30547 ,30547 ,1148 ,2083 ,2459 ,1941 ,2925 ,4989 ,6587 ,4470 ,3413 ,523 ,9 ,15553 ,15553 ,585 ,1106 ,1456 ,1101 ,1699 ,2766 ,3379 ,2095 ,1220 ,143 ,3 ,14994 ,14994 ,563 ,977 ,1003 ,840 ,1226 ,2223 ,3208 ,2375 ,2193 ,380 ,6 
충청남도 홍성군 (4480000000),99125 ,99125 ,7226 ,9484 ,9089 ,9916 ,14219 ,15629 ,15747 ,10105 ,6692 ,988 ,30 ,49372 ,49372 ,3764 ,4907 ,5015 ,5121 ,7324 ,8280 ,7784 ,4595 ,2340 ,237 ,5 ,49753 ,49753 ,3462 ,4577 ,4074 ,4795 ,6895 ,7349 ,7963 ,5510 ,4352 ,751 ,25 
충청남도 예산군 (4481000000),76443 ,76443 ,3216 ,5327 ,6324 ,5698 ,8918 ,12860 ,15757 ,10295 ,7058 ,956 ,34 ,38390 ,38390 ,1661 ,2767 ,3612 ,3154 ,4838 ,6946 ,7863 ,4740 ,2583 ,222 ,4 ,38053 ,38053 ,1555 ,2560 ,2712 ,2544 ,4080 ,5914 ,7894 ,5555 ,4475 ,734 ,30 
충청남도 태안군 (4482500000),61437 ,61437 ,2760 ,4174 ,4634 ,4545 ,7393 ,10469 ,12990 ,8805 ,4907 ,743 ,17 ,30989 ,30989 ,1391 ,2160 ,2730 ,2503 ,4134 ,5620 ,6320 ,4211 ,1758 ,157 ,5 ,30448 ,30448 ,1369 ,2014 ,1904 ,2042 ,3259 ,4849 ,6670 ,4594 ,3149 ,586 ,12 
전라북도  (4500000000),1782205 ,1782205 ,117031 ,168806 ,204092 ,179705 ,258952 ,299346 ,270226 ,169224 ,99211 ,15197 ,415 ,886928 ,886928 ,60015 ,87441 ,110688 ,92988 ,132851 ,155603 ,133879 ,76189 ,33856 ,3361 ,57 ,895277 ,895277 ,57016 ,81365 ,93404 ,86717 ,126101 ,143743 ,136347 ,93035 ,65355 ,11836 ,358 
전라북도 전주시 (4511000000),655879 ,655879 ,50394 ,69747 ,91521 ,80240 ,104757 ,107696 ,81736 ,44912 ,21681 ,3122 ,73 ,322705 ,322705 ,25806 ,36037 ,48172 ,40689 ,51231 ,53099 ,38762 ,20148 ,8020 ,731 ,10 ,333174 ,333174 ,24588 ,33710 ,43349 ,39551 ,53526 ,54597 ,42974 ,24764 ,13661 ,2391 ,63 
전라북도 전주시 완산구 (4511100000),334531 ,334531 ,22555 ,34194 ,48019 ,38818 ,51056 ,57377 ,44670 ,24355 ,11678 ,1766 ,43 ,162897 ,162897 ,11605 ,17803 ,24972 ,19714 ,24486 ,27769 ,20938 ,10943 ,4254 ,407 ,6 ,171634 ,171634 ,10950 ,16391 ,23047 ,19104 ,26570 ,29608 ,23732 ,13412 ,7424 ,1359 ,37 
전라북도 전주시 덕진구 (4511300000),321348 ,321348 ,27839 ,35553 ,43502 ,41422 ,53701 ,50319 ,37066 ,20557 ,10003 ,1356 ,30 ,159808 ,159808 ,14201 ,18234 ,23200 ,20975 ,26745 ,25330 ,17824 ,9205 ,3766 ,324 ,4 ,161540 ,161540 ,13638 ,17319 ,20302 ,20447 ,26956 ,24989 ,19242 ,11352 ,6237 ,1032 ,26 
전라북도 전주시효자출장소 (4511800000),0 ,0 ,0 ,0 ,0 ,0 ,0 ,0 ,0 ,0 ,0 ,0 ,0 ,0 ,0 ,0 ,0 ,0 ,0 ,0 ,0 ,0 ,0 ,0 ,0 ,0 ,0 ,0 ,0 ,0 ,0 ,0 ,0 ,0 ,0 ,0 ,0 ,0 ,0 
전라북도 군산시 (4513000000),264656 ,264656 ,19049 ,25965 ,28640 ,28428 ,42560 ,44436 ,39297 ,23350 ,11116 ,1775 ,40 ,133921 ,133921 ,9678 ,13436 ,15810 ,14907 ,22255 ,23394 ,19425 ,10742 ,3898 ,371 ,5 ,130735 ,130735 ,9371 ,12529 ,12830 ,13521 ,20305 ,21042 ,19872 ,12608 ,7218 ,1404 ,35 
전라북도 익산시 (4514000000),277151 ,277151 ,17080 ,26746 ,34748 ,27007 ,40032 ,48477 ,42656 ,24699 ,13483 ,2174 ,49 ,138050 ,138050 ,8758 ,13722 ,18925 ,14145 ,20473 ,24712 ,21111 ,11198 ,4525 ,473 ,8 ,139101 ,139101 ,8322 ,13024 ,15823 ,12862 ,19559 ,23765 ,21545 ,13501 ,8958 ,1701 ,41 
전라북도 익산시함열출장소 (4514500000),0 ,0 ,0 ,0 ,0 ,0 ,0 ,0 ,0 ,0 ,0 ,0 ,0 ,0 ,0 ,0 ,0 ,0 ,0 ,0 ,0 ,0 ,0 ,0 ,0 ,0 ,0 ,0 ,0 ,0 ,0 ,0 ,0 ,0 ,0 ,0 ,0 ,0 ,0 
전라북도 정읍시 (4518000000),106187 ,106187 ,5711 ,9090 ,10116 ,8245 ,13969 ,18178 ,17875 ,12918 ,8742 ,1300 ,43 ,52787 ,52787 ,2934 ,4796 ,5640 ,4429 ,7312 ,9794 ,8984 ,5704 ,2919 ,267 ,8 ,53400 ,53400 ,2777 ,4294 ,4476 ,3816 ,6657 ,8384 ,8891 ,7214 ,5823 ,1033 ,35 
전라북도 남원시 (4519000000),79015 ,79015 ,4497 ,7004 ,7131 ,5966 ,10001 ,13573 ,13608 ,9543 ,6602 ,1062 ,28 ,38793 ,38793 ,2378 ,3635 ,3963 ,3096 ,5048 ,7284 ,6842 ,4129 ,2166 ,249 ,3 ,40222 ,40222 ,2119 ,3369 ,3168 ,2870 ,4953 ,6289 ,6766 ,5414 ,4436 ,813 ,25 
전라북도 김제시 (4521000000),80806 ,80806 ,3787 ,6025 ,6845 ,6094 ,9527 ,13213 ,15197 ,11038 ,7747 ,1297 ,36 ,40162 ,40162 ,1975 ,3067 ,3831 ,3260 ,5270 ,7323 ,7742 ,4934 ,2458 ,294 ,8 ,40644 ,40644 ,1812 ,2958 ,3014 ,2834 ,4257 ,5890 ,7455 ,6104 ,5289 ,1003 ,28 
전라북도 완주군 (4571000000),91041 ,91041 ,6204 ,8156 ,8600 ,8757 ,13216 ,15330 ,14971 ,9225 ,5667 ,894 ,21 ,46813 ,46813 ,3100 ,4284 ,4858 ,4532 ,7169 ,8537 ,7827 ,4347 ,1956 ,198 ,5 ,44228 ,44228 ,3104 ,3872 ,3742 ,4225 ,6047 ,6793 ,7144 ,4878 ,3711 ,696 ,16 
전라북도 진안군 (4572000000),24961 ,24961 ,1104 ,1599 ,1769 ,1485 ,2516 ,4400 ,5290 ,3705 ,2688 ,394 ,11 ,12674 ,12674 ,541 ,856 ,1016 ,735 ,1455 ,2480 ,2854 ,1741 ,914 ,82 ,0 ,12287 ,12287 ,563 ,743 ,753 ,750 ,1061 ,1920 ,2436 ,1964 ,1774 ,312 ,11 
전라북도 무주군 (4573000000),23745 ,23745 ,1037 ,1762 ,1669 ,1589 ,2698 ,4121 ,4725 ,3218 ,2555 ,349 ,22 ,11844 ,11844 ,554 ,886 ,926 ,885 ,1483 ,2284 ,2479 ,1380 ,886 ,79 ,2 ,11901 ,11901 ,483 ,876 ,743 ,704 ,1215 ,1837 ,2246 ,1838 ,1669 ,270 ,20 
전라북도 장수군 (4574000000),21645 ,21645 ,1016 ,1586 ,1535 ,1371 ,2398 ,3632 ,4394 ,3066 ,2311 ,325 ,11 ,10810 ,10810 ,526 ,807 ,882 ,706 ,1360 ,2043 ,2261 ,1405 ,734 ,85 ,1 ,10835 ,10835 ,490 ,779 ,653 ,665 ,1038 ,1589 ,2133 ,1661 ,1577 ,240 ,10 
전라북도 임실군 (4575000000),26664 ,26664 ,1251 ,1542 ,1839 ,1783 ,2610 ,4530 ,5297 ,4135 ,3170 ,490 ,17 ,13648 ,13648 ,643 ,824 ,1087 ,967 ,1574 ,2597 ,2874 ,1889 ,1071 ,119 ,3 ,13016 ,13016 ,608 ,718 ,752 ,816 ,1036 ,1933 ,2423 ,2246 ,2099 ,371 ,14 
전라북도 순창군 (4577000000),26689 ,26689 ,1214 ,2135 ,1853 ,1699 ,3056 ,4412 ,5082 ,3876 ,2923 ,421 ,18 ,13096 ,13096 ,636 ,1096 ,1064 ,849 ,1692 ,2414 ,2645 ,1644 ,941 ,114 ,1 ,13593 ,13593 ,578 ,1039 ,789 ,850 ,1364 ,1998 ,2437 ,2232 ,1982 ,307 ,17 
전라북도 고창군 (4579000000),53151 ,53151 ,2409 ,3973 ,3924 ,3500 ,5840 ,8796 ,10128 ,7958 ,5681 ,914 ,28 ,26414 ,26414 ,1282 ,2168 ,2275 ,1881 ,3313 ,4885 ,5063 ,3570 ,1809 ,167 ,1 ,26737 ,26737 ,1127 ,1805 ,1649 ,1619 ,2527 ,3911 ,5065 ,4388 ,3872 ,747 ,27 
전라북도 부안군 (4580000000),50615 ,50615 ,2278 ,3476 ,3902 ,3541 ,5772 ,8552 ,9970 ,7581 ,4845 ,680 ,18 ,25211 ,25211 ,1204 ,1827 ,2239 ,1907 ,3216 ,4757 ,5010 ,3358 ,1559 ,132 ,2 ,25404 ,25404 ,1074 ,1649 ,1663 ,1634 ,2556 ,3795 ,4960 ,4223 ,3286 ,548 ,16 
전라남도  (4600000000),1829501 ,1829501 ,121369 ,162063 ,191317 ,176138 ,252102 ,313031 ,286786 ,190699 ,117663 ,17829 ,504 ,920971 ,920971 ,61902 ,83856 ,107268 ,92702 ,134135 ,168746 ,145427 ,85510 ,37834 ,3537 ,54 ,908530 ,908530 ,59467 ,78207 ,84049 ,83436 ,117967 ,144285 ,141359 ,105189 ,79829 ,14292 ,450 
전라남도 목포시 (4611000000),218241 ,218241 ,15926 ,23729 ,26075 ,23172 ,36093 ,36295 ,30050 ,17988 ,7870 ,1014 ,29 ,108609 ,108609 ,8246 ,12125 ,14141 ,11904 ,18561 ,18423 ,14260 ,7989 ,2733 ,224 ,3 ,109632 ,109632 ,7680 ,11604 ,11934 ,11268 ,17532 ,17872 ,15790 ,9999 ,5137 ,790 ,26 
전라남도 여수시 (4613000000),276145 ,276145 ,19141 ,25487 ,32338 ,29302 ,40519 ,48151 ,42489 ,25322 ,11557 ,1791 ,48 ,140757 ,140757 ,9729 ,13150 ,18374 ,15820 ,21305 ,25347 ,20956 ,11773 ,3982 ,317 ,4 ,135388 ,135388 ,9412 ,12337 ,13964 ,13482 ,19214 ,22804 ,21533 ,13549 ,7575 ,1474 ,44 
전라남도 순천시 (4615000000),280719 ,280719 ,22224 ,29191 ,36138 ,32501 ,42412 ,49276 ,36889 ,19434 ,10872 ,1726 ,56 ,140136 ,140136 ,11391 ,15162 ,19725 ,16767 ,20895 ,24851 ,18486 ,8876 ,3629 ,351 ,3 ,140583 ,140583 ,10833 ,14029 ,16413 ,15734 ,21517 ,24425 ,18403 ,10558 ,7243 ,1375 ,53 
전라남도 나주시 (4617000000),116497 ,116497 ,9637 ,9633 ,11983 ,14267 ,16792 ,17525 ,17136 ,11317 ,7076 ,1101 ,30 ,58799 ,58799 ,4969 ,4947 ,6322 ,7434 ,9223 ,9645 ,8777 ,5048 ,2193 ,236 ,5 ,57698 ,57698 ,4668 ,4686 ,5661 ,6833 ,7569 ,7880 ,8359 ,6269 ,4883 ,865 ,25 
전라남도 광양시 (4623000000),151410 ,151410 ,12537 ,15577 ,19288 ,18124 ,23194 ,29734 ,18688 ,8458 ,4908 ,880 ,22 ,79104 ,79104 ,6369 ,8090 ,11221 ,9730 ,12062 ,16122 ,9841 ,3941 ,1583 ,145 ,0 ,72306 ,72306 ,6168 ,7487 ,8067 ,8394 ,11132 ,13612 ,8847 ,4517 ,3325 ,735 ,22 
전라남도 담양군 (4671000000),46208 ,46208 ,2137 ,2980 ,4439 ,3516 ,5095 ,8224 ,8843 ,6104 ,4207 ,636 ,27 ,23421 ,23421 ,1040 ,1541 ,2617 ,1812 ,2892 ,4560 ,4634 ,2798 ,1377 ,147 ,3 ,22787 ,22787 ,1097 ,1439 ,1822 ,1704 ,2203 ,3664 ,4209 ,3306 ,2830 ,489 ,24 
전라남도 곡성군 (4672000000),27432 ,27432 ,950 ,1822 ,2120 ,1592 ,2859 ,4731 ,5324 ,4071 ,3348 ,600 ,15 ,13505 ,13505 ,491 ,993 ,1162 ,839 ,1582 ,2640 ,2834 ,1798 ,1054 ,109 ,3 ,13927 ,13927 ,459 ,829 ,958 ,753 ,1277 ,2091 ,2490 ,2273 ,2294 ,491 ,12 
전라남도 구례군 (4673000000),25130 ,25130 ,1015 ,1739 ,1818 ,1453 ,2715 ,4517 ,4953 ,3717 ,2773 ,419 ,11 ,12233 ,12233 ,486 ,908 ,1036 ,741 ,1454 ,2506 ,2516 ,1599 ,900 ,86 ,1 ,12897 ,12897 ,529 ,831 ,782 ,712 ,1261 ,2011 ,2437 ,2118 ,1873 ,333 ,10 
전라남도 고흥군 (4677000000),62527 ,62527 ,2338 ,3624 ,3772 ,3331 ,5922 ,9932 ,13012 ,11271 ,7878 ,1402 ,45 ,30465 ,30465 ,1158 ,1961 ,2217 ,1786 ,3411 ,5640 ,6541 ,4946 ,2510 ,288 ,7 ,32062 ,32062 ,1180 ,1663 ,1555 ,1545 ,2511 ,4292 ,6471 ,6325 ,5368 ,1114 ,38 
전라남도 보성군 (4678000000),39200 ,39200 ,1491 ,2443 ,2662 ,2259 ,3852 ,6482 ,7808 ,6388 ,4957 ,836 ,22 ,19130 ,19130 ,779 ,1246 ,1528 ,1209 ,2177 ,3652 ,4011 ,2783 ,1569 ,172 ,4 ,20070 ,20070 ,712 ,1197 ,1134 ,1050 ,1675 ,2830 ,3797 ,3605 ,3388 ,664 ,18 
전라남도 화순군 (4679000000),62643 ,62643 ,3185 ,5445 ,6684 ,4621 ,7875 ,11448 ,10310 ,7197 ,5104 ,753 ,21 ,30946 ,30946 ,1615 ,2847 ,3601 ,2377 ,3995 ,6222 ,5459 ,3096 ,1557 ,175 ,2 ,31697 ,31697 ,1570 ,2598 ,3083 ,2244 ,3880 ,5226 ,4851 ,4101 ,3547 ,578 ,19 
전라남도 장흥군 (4680000000),36298 ,36298 ,1746 ,2581 ,2805 ,2447 ,3792 ,6119 ,6742 ,5326 ,4049 ,678 ,13 ,17678 ,17678 ,861 ,1366 ,1591 ,1296 ,2095 ,3380 ,3354 ,2344 ,1256 ,132 ,3 ,18620 ,18620 ,885 ,1215 ,1214 ,1151 ,1697 ,2739 ,3388 ,2982 ,2793 ,546 ,10 
전라남도 강진군 (4681000000),33534 ,33534 ,1496 ,2370 ,2607 ,2197 ,3505 ,5487 ,6493 ,4994 ,3752 ,620 ,13 ,16271 ,16271 ,745 ,1219 ,1484 ,1135 ,1922 ,3000 ,3283 ,2185 ,1184 ,107 ,7 ,17263 ,17263 ,751 ,1151 ,1123 ,1062 ,1583 ,2487 ,3210 ,2809 ,2568 ,513 ,6 
전라남도 해남군 (4682000000),66961 ,66961 ,3528 ,4947 ,5304 ,4442 ,7627 ,11264 ,12772 ,9802 ,6313 ,935 ,27 ,33239 ,33239 ,1803 ,2524 ,3032 ,2389 ,4220 ,6328 ,6452 ,4326 ,1996 ,169 ,0 ,33722 ,33722 ,1725 ,2423 ,2272 ,2053 ,3407 ,4936 ,6320 ,5476 ,4317 ,766 ,27 
전라남도 영암군 (4683000000),52970 ,52970 ,3138 ,4256 ,4854 ,4352 ,7213 ,9497 ,8664 ,6146 ,4229 ,610 ,11 ,27552 ,27552 ,1598 ,2241 ,2894 ,2356 ,4323 ,5472 ,4546 ,2674 ,1324 ,123 ,1 ,25418 ,25418 ,1540 ,2015 ,1960 ,1996 ,2890 ,4025 ,4118 ,3472 ,2905 ,487 ,10 
전라남도 무안군 (4684000000),90874 ,90874 ,8000 ,9763 ,9368 ,10942 ,14563 ,13507 ,11655 ,7834 ,4591 ,632 ,19 ,45709 ,45709 ,4122 ,4961 ,5054 ,5524 ,7614 ,7411 ,5890 ,3610 ,1419 ,103 ,1 ,45165 ,45165 ,3878 ,4802 ,4314 ,5418 ,6949 ,6096 ,5765 ,4224 ,3172 ,529 ,18 
전라남도 함평군 (4686000000),31167 ,31167 ,1164 ,1995 ,2277 ,1797 ,3251 ,5340 ,6212 ,4857 ,3721 ,538 ,15 ,15696 ,15696 ,604 ,1074 ,1329 ,990 ,1916 ,3134 ,3308 ,2075 ,1149 ,117 ,0 ,15471 ,15471 ,560 ,921 ,948 ,807 ,1335 ,2206 ,2904 ,2782 ,2572 ,421 ,15 
전라남도 영광군 (4687000000),51947 ,51947 ,3581 ,3924 ,4650 ,4546 ,6230 ,8428 ,8734 ,6866 ,4414 ,549 ,25 ,25940 ,25940 ,1785 ,2041 ,2639 ,2339 ,3469 ,4699 ,4468 ,2998 ,1386 ,116 ,0 ,26007 ,26007 ,1796 ,1883 ,2011 ,2207 ,2761 ,3729 ,4266 ,3868 ,3028 ,433 ,25 
전라남도 장성군 (4688000000),43241 ,43241 ,2382 ,3090 ,3804 ,3300 ,5231 ,7474 ,7736 ,5690 ,3985 ,531 ,18 ,22180 ,22180 ,1188 ,1607 ,2295 ,1792 ,2904 ,4284 ,4148 ,2549 ,1294 ,117 ,2 ,21061 ,21061 ,1194 ,1483 ,1509 ,1508 ,2327 ,3190 ,3588 ,3141 ,2691 ,414 ,16 
전라남도 완도군 (4689000000),48329 ,48329 ,2837 ,3460 ,3458 ,3509 ,5884 ,7816 ,8755 ,7275 ,4675 ,644 ,16 ,24314 ,24314 ,1473 ,1805 ,2055 ,1866 ,3433 ,4408 ,4388 ,3257 ,1498 ,130 ,1 ,24015 ,24015 ,1364 ,1655 ,1403 ,1643 ,2451 ,3408 ,4367 ,4018 ,3177 ,514 ,15 
전라남도 진도군 (4690000000),29915 ,29915 ,1526 ,2090 ,2361 ,2048 ,3376 ,4933 ,5534 ,4478 ,3138 ,421 ,10 ,14844 ,14844 ,745 ,1059 ,1403 ,1087 ,1959 ,2784 ,2827 ,1969 ,933 ,78 ,0 ,15071 ,15071 ,781 ,1031 ,958 ,961 ,1417 ,2149 ,2707 ,2509 ,2205 ,343 ,10 
전라남도 신안군 (4691000000),38113 ,38113 ,1390 ,1917 ,2512 ,2420 ,4102 ,6851 ,7987 ,6164 ,4246 ,513 ,11 ,20443 ,20443 ,705 ,989 ,1548 ,1509 ,2723 ,4238 ,4448 ,2876 ,1308 ,95 ,4 ,17670 ,17670 ,685 ,928 ,964 ,911 ,1379 ,2613 ,3539 ,3288 ,2938 ,418 ,7 
경상북도  (4700000000),2619641 ,2619641 ,174556 ,221010 ,270884 ,275447 ,375941 ,453721 ,436635 ,245885 ,143897 ,21086 ,579 ,1320888 ,1320888 ,89899 ,116208 ,153822 ,147770 ,195484 ,235511 ,218217 ,111565 ,47980 ,4372 ,60 ,1298753 ,1298753 ,84657 ,104802 ,117062 ,127677 ,180457 ,218210 ,218418 ,134320 ,95917 ,16714 ,519 
경상북도 포항시 (4711000000),501691 ,501691 ,36533 ,45855 ,55438 ,56731 ,76453 ,88686 ,83519 ,39183 ,16822 ,2408 ,63 ,254254 ,254254 ,18937 ,24082 ,32025 ,30379 ,38629 ,44583 ,40887 ,18546 ,5747 ,431 ,8 ,247437 ,247437 ,17596 ,21773 ,23413 ,26352 ,37824 ,44103 ,42632 ,20637 ,11075 ,1977 ,55 
경상북도 포항시 남구 (4711100000),229821 ,229821 ,15970 ,20864 ,26049 ,25455 ,35428 ,40697 ,38559 ,18370 ,7393 ,1010 ,26 ,118992 ,118992 ,8234 ,10966 ,15633 ,13968 ,18403 ,21212 ,19051 ,8811 ,2547 ,165 ,2 ,110829 ,110829 ,7736 ,9898 ,10416 ,11487 ,17025 ,19485 ,19508 ,9559 ,4846 ,845 ,24 
경상북도 포항시 북구 (4711300000),271870 ,271870 ,20563 ,24991 ,29389 ,31276 ,41025 ,47989 ,44960 ,20813 ,9429 ,1398 ,37 ,135262 ,135262 ,10703 ,13116 ,16392 ,16411 ,20226 ,23371 ,21836 ,9735 ,3200 ,266 ,6 ,136608 ,136608 ,9860 ,11875 ,12997 ,14865 ,20799 ,24618 ,23124 ,11078 ,6229 ,1132 ,31 
경상북도 경주시 (4713000000),251154 ,251154 ,15012 ,20109 ,25152 ,24127 ,35517 ,46608 ,43748 ,25049 ,13834 ,1945 ,53 ,125698 ,125698 ,7696 ,10516 ,14201 ,12906 ,18461 ,24100 ,21739 ,11255 ,4424 ,395 ,5 ,125456 ,125456 ,7316 ,9593 ,10951 ,11221 ,17056 ,22508 ,22009 ,13794 ,9410 ,1550 ,48 
경상북도 김천시 (4715000000),140078 ,140078 ,9820 ,12355 ,13783 ,14298 ,19148 ,23608 ,23499 ,13656 ,8558 ,1319 ,34 ,70286 ,70286 ,5071 ,6743 ,7740 ,7501 ,10045 ,12311 ,11662 ,6104 ,2816 ,291 ,2 ,69792 ,69792 ,4749 ,5612 ,6043 ,6797 ,9103 ,11297 ,11837 ,7552 ,5742 ,1028 ,32 
경상북도 안동시 (4717000000),156182 ,156182 ,9767 ,13302 ,15922 ,14699 ,21473 ,25648 ,26843 ,16719 ,10191 ,1574 ,44 ,77242 ,77242 ,5051 ,7017 ,8644 ,7752 ,11008 ,13244 ,13069 ,7565 ,3544 ,340 ,8 ,78940 ,78940 ,4716 ,6285 ,7278 ,6947 ,10465 ,12404 ,13774 ,9154 ,6647 ,1234 ,36 
경상북도 구미시 (4719000000),410412 ,410412 ,37681 ,43795 ,53293 ,62106 ,72636 ,70139 ,44106 ,16787 ,8551 ,1283 ,35 ,211042 ,211042 ,19402 ,22811 ,30016 ,33247 ,36679 ,35742 ,22658 ,7526 ,2715 ,244 ,2 ,199370 ,199370 ,18279 ,20984 ,23277 ,28859 ,35957 ,34397 ,21448 ,9261 ,5836 ,1039 ,33 
경상북도 영주시 (4721000000),101599 ,101599 ,5622 ,8510 ,9272 ,8056 ,13389 ,17204 ,19264 ,11874 ,7250 ,1112 ,46 ,50426 ,50426 ,2927 ,4461 ,5392 ,4332 ,6872 ,8905 ,9320 ,5394 ,2574 ,243 ,6 ,51173 ,51173 ,2695 ,4049 ,3880 ,3724 ,6517 ,8299 ,9944 ,6480 ,4676 ,869 ,40 
경상북도 영천시 (4723000000),101552 ,101552 ,5459 ,6482 ,9430 ,9053 ,12120 ,17963 ,19826 ,12820 ,7424 ,956 ,19 ,51644 ,51644 ,2780 ,3462 ,5566 ,4924 ,6647 ,9648 ,10052 ,5893 ,2442 ,226 ,4 ,49908 ,49908 ,2679 ,3020 ,3864 ,4129 ,5473 ,8315 ,9774 ,6927 ,4982 ,730 ,15 
경상북도 상주시 (4725000000),95771 ,95771 ,4812 ,7420 ,7619 ,6956 ,10920 ,16093 ,19278 ,12378 ,8838 ,1416 ,41 ,47039 ,47039 ,2528 ,3936 ,4393 ,3758 ,5760 ,8555 ,9556 ,5468 ,2815 ,267 ,3 ,48732 ,48732 ,2284 ,3484 ,3226 ,3198 ,5160 ,7538 ,9722 ,6910 ,6023 ,1149 ,38 
경상북도 문경시 (4728000000),72283 ,72283 ,3834 ,5519 ,6409 ,5489 ,8643 ,11986 ,14332 ,9214 ,5939 ,880 ,38 ,35426 ,35426 ,1946 ,2982 ,3562 ,2900 ,4579 ,6245 ,7030 ,4055 ,1944 ,178 ,5 ,36857 ,36857 ,1888 ,2537 ,2847 ,2589 ,4064 ,5741 ,7302 ,5159 ,3995 ,702 ,33 
경상북도 경산시 (4729000000),267844 ,267844 ,19303 ,22886 ,35709 ,32497 ,41641 ,45941 ,37927 ,20429 ,10179 ,1301 ,31 ,134732 ,134732 ,9813 ,11851 ,19558 ,17502 ,21343 ,23031 ,18614 ,9130 ,3592 ,293 ,5 ,133112 ,133112 ,9490 ,11035 ,16151 ,14995 ,20298 ,22910 ,19313 ,11299 ,6587 ,1008 ,26 
경상북도 군위군 (4772000000),23258 ,23258 ,617 ,919 ,1377 ,1255 ,2017 ,4221 ,5668 ,4012 ,2789 ,365 ,18 ,11894 ,11894 ,337 ,496 ,822 ,734 ,1157 ,2387 ,3035 ,1895 ,955 ,75 ,1 ,11364 ,11364 ,280 ,423 ,555 ,521 ,860 ,1834 ,2633 ,2117 ,1834 ,290 ,17 
경상북도 의성군 (4773000000),50560 ,50560 ,1777 ,2153 ,2768 ,2946 ,4398 ,8132 ,12234 ,8793 ,6435 ,908 ,16 ,24809 ,24809 ,932 ,1139 ,1600 ,1644 ,2557 ,4456 ,6223 ,3915 ,2138 ,204 ,1 ,25751 ,25751 ,845 ,1014 ,1168 ,1302 ,1841 ,3676 ,6011 ,4878 ,4297 ,704 ,15 
경상북도 청송군 (4775000000),24538 ,24538 ,899 ,1129 ,1554 ,1576 ,2215 ,4411 ,5775 ,4003 ,2598 ,366 ,12 ,12281 ,12281 ,475 ,597 ,937 ,936 ,1260 ,2363 ,2910 ,1817 ,899 ,86 ,1 ,12257 ,12257 ,424 ,532 ,617 ,640 ,955 ,2048 ,2865 ,2186 ,1699 ,280 ,11 
경상북도 영양군 (4776000000),16256 ,16256 ,649 ,895 ,1043 ,982 ,1571 ,2820 ,3618 ,2563 ,1818 ,285 ,12 ,8111 ,8111 ,336 ,455 ,596 ,542 ,933 ,1599 ,1838 ,1126 ,618 ,67 ,1 ,8145 ,8145 ,313 ,440 ,447 ,440 ,638 ,1221 ,1780 ,1437 ,1200 ,218 ,11 
경상북도 영덕군 (4777000000),35166 ,35166 ,1433 ,1976 ,2187 ,2096 ,3595 ,5976 ,7552 ,5735 ,4026 ,577 ,13 ,16744 ,16744 ,723 ,1027 ,1285 ,1092 ,1961 ,3238 ,3662 ,2395 ,1250 ,111 ,0 ,18422 ,18422 ,710 ,949 ,902 ,1004 ,1634 ,2738 ,3890 ,3340 ,2776 ,466 ,13 
경상북도 청도군 (4782000000),41781 ,41781 ,1389 ,2219 ,2494 ,2489 ,4236 ,7058 ,9973 ,6724 ,4498 ,691 ,10 ,20576 ,20576 ,716 ,1130 ,1465 ,1338 ,2365 ,3755 ,5085 ,3135 ,1449 ,138 ,0 ,21205 ,21205 ,673 ,1089 ,1029 ,1151 ,1871 ,3303 ,4888 ,3589 ,3049 ,553 ,10 
경상북도 고령군 (4783000000),30525 ,30525 ,1270 ,1884 ,2255 ,1981 ,3528 ,5700 ,6639 ,4134 ,2759 ,370 ,5 ,15684 ,15684 ,659 ,1006 ,1308 ,1094 ,1968 ,3235 ,3544 ,1873 ,908 ,88 ,1 ,14841 ,14841 ,611 ,878 ,947 ,887 ,1560 ,2465 ,3095 ,2261 ,1851 ,282 ,4 
경상북도 성주군 (4784000000),42944 ,42944 ,1791 ,2191 ,3106 ,3133 ,4489 ,8004 ,10010 ,6049 ,3609 ,549 ,13 ,22308 ,22308 ,910 ,1193 ,1872 ,1721 ,2650 ,4436 ,5342 ,2850 ,1224 ,107 ,3 ,20636 ,20636 ,881 ,998 ,1234 ,1412 ,1839 ,3568 ,4668 ,3199 ,2385 ,442 ,10 
경상북도 칠곡군 (4785000000),113455 ,113455 ,8409 ,11249 ,11369 ,13395 ,20553 ,20132 ,15140 ,7745 ,4738 ,705 ,20 ,59142 ,59142 ,4329 ,5914 ,6567 ,7267 ,11046 ,10916 ,7909 ,3467 ,1552 ,174 ,1 ,54313 ,54313 ,4080 ,5335 ,4802 ,6128 ,9507 ,9216 ,7231 ,4278 ,3186 ,531 ,19 
경상북도 예천군 (4790000000),55538 ,55538 ,4334 ,4467 ,3927 ,5126 ,7268 ,7866 ,9832 ,6720 ,5233 ,741 ,24 ,27308 ,27308 ,2185 ,2357 ,2225 ,2594 ,3864 ,4171 ,4926 ,3041 ,1798 ,146 ,1 ,28230 ,28230 ,2149 ,2110 ,1702 ,2532 ,3404 ,3695 ,4906 ,3679 ,3435 ,595 ,23 
경상북도 봉화군 (4792000000),30594 ,30594 ,1176 ,1759 ,1775 ,1711 ,2977 ,5435 ,7167 ,4682 ,3363 ,529 ,20 ,15469 ,15469 ,613 ,935 ,1069 ,945 ,1719 ,2958 ,3767 ,2161 ,1176 ,125 ,1 ,15125 ,15125 ,563 ,824 ,706 ,766 ,1258 ,2477 ,3400 ,2521 ,2187 ,404 ,19 
경상북도 울진군 (4793000000),47483 ,47483 ,2599 ,3506 ,4159 ,3951 ,5940 ,8286 ,8844 ,5539 ,3923 ,724 ,12 ,23836 ,23836 ,1344 ,1880 ,2450 ,2195 ,3226 ,4571 ,4411 ,2446 ,1189 ,123 ,1 ,23647 ,23647 ,1255 ,1626 ,1709 ,1756 ,2714 ,3715 ,4433 ,3093 ,2734 ,601 ,11 
경상북도 울릉군 (4794000000),8977 ,8977 ,370 ,430 ,843 ,794 ,1214 ,1804 ,1841 ,1077 ,522 ,82 ,0 ,4937 ,4937 ,189 ,218 ,529 ,467 ,755 ,1062 ,978 ,508 ,211 ,20 ,0 ,4040 ,4040 ,181 ,212 ,314 ,327 ,459 ,742 ,863 ,569 ,311 ,62 ,0 
경상남도  (4800000000),3303274 ,3303274 ,244702 ,318029 ,355788 ,373764 ,525917 ,579284 ,499570 ,252796 ,133679 ,19332 ,413 ,1663146 ,1663146 ,125807 ,165959 ,199045 ,196039 ,270384 ,296458 ,248668 ,114095 ,42966 ,3667 ,58 ,1640128 ,1640128 ,118895 ,152070 ,156743 ,177725 ,255533 ,282826 ,250902 ,138701 ,90713 ,15665 ,355 
경상남도 창원시 (4812000000),1028875 ,1028875 ,77071 ,97513 ,123129 ,128392 ,165866 ,184146 ,152846 ,67281 ,28686 ,3876 ,69 ,521296 ,521296 ,39800 ,50891 ,69007 ,68262 ,84752 ,91328 ,75468 ,31204 ,9844 ,726 ,14 ,507579 ,507579 ,37271 ,46622 ,54122 ,60130 ,81114 ,92818 ,77378 ,36077 ,18842 ,3150 ,55 
경상남도 창원시 의창구 (4812100000),217224 ,217224 ,16695 ,19261 ,27324 ,27795 ,33784 ,41018 ,32524 ,12625 ,5418 ,764 ,16 ,110689 ,110689 ,8548 ,10092 ,15379 ,14705 ,17406 ,20127 ,16458 ,6065 ,1779 ,127 ,3 ,106535 ,106535 ,8147 ,9169 ,11945 ,13090 ,16378 ,20891 ,16066 ,6560 ,3639 ,637 ,13 
경상남도 창원시 성산구 (4812300000),250100 ,250100 ,17864 ,25395 ,35892 ,34413 ,39920 ,50663 ,32254 ,9289 ,3793 ,607 ,10 ,127496 ,127496 ,9187 ,13353 ,20076 ,18515 ,19274 ,24351 ,16919 ,4568 ,1151 ,99 ,3 ,122604 ,122604 ,8677 ,12042 ,15816 ,15898 ,20646 ,26312 ,15335 ,4721 ,2642 ,508 ,7 
경상남도 창원시 마산합포구 (4812500000),181235 ,181235 ,12972 ,14253 ,18750 ,21055 ,26894 ,29329 ,31828 ,17305 ,7741 ,1087 ,21 ,90125 ,90125 ,6720 ,7369 ,10356 ,11098 ,14198 ,14654 ,15023 ,7812 ,2666 ,224 ,5 ,91110 ,91110 ,6252 ,6884 ,8394 ,9957 ,12696 ,14675 ,16805 ,9493 ,5075 ,863 ,16 
경상남도 창원시 마산회원구 (4812700000),185646 ,185646 ,11863 ,17313 ,20546 ,19906 ,29225 ,33343 ,31176 ,15636 ,5961 ,666 ,11 ,92947 ,92947 ,6107 ,9064 ,11366 ,10586 ,14954 ,16614 ,14840 ,7122 ,2167 ,126 ,1 ,92699 ,92699 ,5756 ,8249 ,9180 ,9320 ,14271 ,16729 ,16336 ,8514 ,3794 ,540 ,10 
경상남도 창원시 진해구 (4812900000),194670 ,194670 ,17677 ,21291 ,20617 ,25223 ,36043 ,29793 ,25064 ,12426 ,5773 ,752 ,11 ,100039 ,100039 ,9238 ,11013 ,11830 ,13358 ,18920 ,15582 ,12228 ,5637 ,2081 ,150 ,2 ,94631 ,94631 ,8439 ,10278 ,8787 ,11865 ,17123 ,14211 ,12836 ,6789 ,3692 ,602 ,9 
경상남도 진주시 (4817000000),345957 ,345957 ,26277 ,34568 ,43669 ,40332 ,53067 ,57148 ,49313 ,26176 ,13405 ,1944 ,58 ,170962 ,170962 ,13579 ,18174 ,24016 ,20863 ,26339 ,28258 ,23537 ,11534 ,4273 ,382 ,7 ,174995 ,174995 ,12698 ,16394 ,19653 ,19469 ,26728 ,28890 ,25776 ,14642 ,9132 ,1562 ,51 
경상남도 통영시 (4822000000),124872 ,124872 ,8245 ,12596 ,10381 ,11945 ,20736 ,21913 ,21640 ,11501 ,5214 ,689 ,12 ,62687 ,62687 ,4134 ,6514 ,5802 ,6119 ,11094 ,11397 ,10523 ,5305 ,1670 ,129 ,0 ,62185 ,62185 ,4111 ,6082 ,4579 ,5826 ,9642 ,10516 ,11117 ,6196 ,3544 ,560 ,12 
경상남도 사천시 (4824000000),109617 ,109617 ,7404 ,10138 ,10098 ,10944 ,17326 ,18330 ,17429 ,10838 ,6159 ,928 ,23 ,55259 ,55259 ,3840 ,5225 ,6063 ,5957 ,9108 ,9784 ,8472 ,4692 ,1965 ,149 ,4 ,54358 ,54358 ,3564 ,4913 ,4035 ,4987 ,8218 ,8546 ,8957 ,6146 ,4194 ,779 ,19 
경상남도 사천남양출장소 (4824500000),0 ,0 ,0 ,0 ,0 ,0 ,0 ,0 ,0 ,0 ,0 ,0 ,0 ,0 ,0 ,0 ,0 ,0 ,0 ,0 ,0 ,0 ,0 ,0 ,0 ,0 ,0 ,0 ,0 ,0 ,0 ,0 ,0 ,0 ,0 ,0 ,0 ,0 ,0 
경상남도 김해시 (4825000000),536662 ,536662 ,44984 ,59818 ,65501 ,65370 ,95778 ,99211 ,64395 ,27531 ,12495 ,1548 ,31 ,271444 ,271444 ,23005 ,30967 ,35933 ,33868 ,47536 ,50760 ,32896 ,12229 ,3972 ,273 ,5 ,265218 ,265218 ,21979 ,28851 ,29568 ,31502 ,48242 ,48451 ,31499 ,15302 ,8523 ,1275 ,26 
경상남도 장유출장소 (4825200000),0 ,0 ,0 ,0 ,0 ,0 ,0 ,0 ,0 ,0 ,0 ,0 ,0 ,0 ,0 ,0 ,0 ,0 ,0 ,0 ,0 ,0 ,0 ,0 ,0 ,0 ,0 ,0 ,0 ,0 ,0 ,0 ,0 ,0 ,0 ,0 ,0 ,0 ,0 
경상남도 밀양시 (4827000000),103482 ,103482 ,5141 ,7412 ,8557 ,8313 ,12604 ,18122 ,22087 ,12891 ,7361 ,973 ,21 ,50851 ,50851 ,2621 ,3888 ,4989 ,4392 ,6653 ,9227 ,10877 ,5742 ,2274 ,186 ,2 ,52631 ,52631 ,2520 ,3524 ,3568 ,3921 ,5951 ,8895 ,11210 ,7149 ,5087 ,787 ,19 
경상남도 거제시 (4831000000),239554 ,239554 ,23363 ,27841 ,22089 ,31634 ,47212 ,40343 ,29276 ,11545 ,5359 ,867 ,25 ,125392 ,125392 ,12068 ,14557 ,12542 ,16413 ,25499 ,21909 ,14981 ,5577 ,1703 ,137 ,6 ,114162 ,114162 ,11295 ,13284 ,9547 ,15221 ,21713 ,18434 ,14295 ,5968 ,3656 ,730 ,19 
경상남도 양산시 (4833000000),354386 ,354386 ,32042 ,34803 ,38671 ,46544 ,61703 ,59898 ,47289 ,22341 ,9840 ,1228 ,27 ,177588 ,177588 ,16374 ,17814 ,20843 ,23916 ,31451 ,30062 ,23235 ,10135 ,3489 ,265 ,4 ,176798 ,176798 ,15668 ,16989 ,17828 ,22628 ,30252 ,29836 ,24054 ,12206 ,6351 ,963 ,23 
경상남도 양산시웅상출장소 (4833200000),0 ,0 ,0 ,0 ,0 ,0 ,0 ,0 ,0 ,0 ,0 ,0 ,0 ,0 ,0 ,0 ,0 ,0 ,0 ,0 ,0 ,0 ,0 ,0 ,0 ,0 ,0 ,0 ,0 ,0 ,0 ,0 ,0 ,0 ,0 ,0 ,0 ,0 ,0 
경상남도 의령군 (4872000000),26335 ,26335 ,984 ,1414 ,1781 ,1605 ,2675 ,4475 ,5871 ,3869 ,3124 ,527 ,10 ,12999 ,12999 ,518 ,741 ,1030 ,868 ,1527 ,2495 ,3131 ,1673 ,903 ,112 ,1 ,13336 ,13336 ,466 ,673 ,751 ,737 ,1148 ,1980 ,2740 ,2196 ,2221 ,415 ,9 
경상남도 함안군 (4873000000),62269 ,62269 ,3476 ,5697 ,4919 ,4902 ,8814 ,10971 ,11839 ,6684 ,4313 ,645 ,9 ,31715 ,31715 ,1774 ,3031 ,2922 ,2521 ,4721 ,6066 ,6230 ,3023 ,1307 ,118 ,2 ,30554 ,30554 ,1702 ,2666 ,1997 ,2381 ,4093 ,4905 ,5609 ,3661 ,3006 ,527 ,7 
경상남도 창녕군 (4874000000),59767 ,59767 ,2781 ,4028 ,4275 ,4542 ,6794 ,10551 ,12815 ,7993 ,5217 ,756 ,15 ,29821 ,29821 ,1436 ,2164 ,2488 ,2508 ,3758 ,5712 ,6454 ,3577 ,1584 ,139 ,1 ,29946 ,29946 ,1345 ,1864 ,1787 ,2034 ,3036 ,4839 ,6361 ,4416 ,3633 ,617 ,14 
경상남도 고성군 (4882000000),50126 ,50126 ,2209 ,3941 ,3574 ,3314 ,5937 ,8868 ,10275 ,6790 ,4461 ,745 ,12 ,25143 ,25143 ,1116 ,2135 ,2123 ,1842 ,3257 ,4903 ,5148 ,3091 ,1394 ,133 ,1 ,24983 ,24983 ,1093 ,1806 ,1451 ,1472 ,2680 ,3965 ,5127 ,3699 ,3067 ,612 ,11 
경상남도 남해군 (4884000000),42221 ,42221 ,1503 ,2810 ,2963 ,2265 ,4330 ,7045 ,8688 ,6633 ,4990 ,978 ,16 ,20464 ,20464 ,774 ,1557 ,1848 ,1186 ,2283 ,3825 ,4309 ,2973 ,1531 ,178 ,0 ,21757 ,21757 ,729 ,1253 ,1115 ,1079 ,2047 ,3220 ,4379 ,3660 ,3459 ,800 ,16 
경상남도 하동군 (4885000000),43114 ,43114 ,1594 ,2602 ,2908 ,2459 ,4460 ,7962 ,9491 ,6257 ,4554 ,813 ,14 ,21539 ,21539 ,828 ,1414 ,1728 ,1353 ,2488 ,4372 ,4975 ,2812 ,1407 ,159 ,3 ,21575 ,21575 ,766 ,1188 ,1180 ,1106 ,1972 ,3590 ,4516 ,3445 ,3147 ,654 ,11 
경상남도 산청군 (4886000000),34197 ,34197 ,1138 ,1963 ,2177 ,1887 ,3258 ,6220 ,7868 ,5195 ,3854 ,622 ,15 ,16877 ,16877 ,580 ,1064 ,1244 ,1023 ,1798 ,3396 ,4112 ,2369 ,1164 ,125 ,2 ,17320 ,17320 ,558 ,899 ,933 ,864 ,1460 ,2824 ,3756 ,2826 ,2690 ,497 ,13 
경상남도 함양군 (4887000000),38283 ,38283 ,1673 ,2780 ,2829 ,2407 ,4058 ,6730 ,7806 ,5355 ,4007 ,628 ,10 ,18513 ,18513 ,856 ,1450 ,1603 ,1251 ,2178 ,3621 ,3945 ,2248 ,1235 ,125 ,1 ,19770 ,19770 ,817 ,1330 ,1226 ,1156 ,1880 ,3109 ,3861 ,3107 ,2772 ,503 ,9 
경상남도 거창군 (4888000000),60841 ,60841 ,3420 ,5821 ,5585 ,4624 ,7370 ,10203 ,10972 ,6925 ,5085 ,810 ,26 ,29893 ,29893 ,1774 ,3174 ,3317 ,2419 ,3728 ,5340 ,5415 ,2933 ,1600 ,189 ,4 ,30948 ,30948 ,1646 ,2647 ,2268 ,2205 ,3642 ,4863 ,5557 ,3992 ,3485 ,621 ,22 
경상남도 합천군 (4889000000),42716 ,42716 ,1397 ,2284 ,2682 ,2285 ,3929 ,7148 ,9670 ,6991 ,5555 ,755 ,20 ,20703 ,20703 ,730 ,1199 ,1547 ,1278 ,2214 ,4003 ,4960 ,2978 ,1651 ,142 ,1 ,22013 ,22013 ,667 ,1085 ,1135 ,1007 ,1715 ,3145 ,4710 ,4013 ,3904 ,613 ,19 
제주특별자치도  (5000000000),677218 ,677218 ,57335 ,70259 ,79901 ,80417 ,111455 ,115918 ,85735 ,46145 ,25489 ,4361 ,203 ,339320 ,339320 ,29458 ,36685 ,42280 ,40460 ,57030 ,60220 ,42539 ,21134 ,8783 ,722 ,9 ,337898 ,337898 ,27877 ,33574 ,37621 ,39957 ,54425 ,55698 ,43196 ,25011 ,16706 ,3639 ,194 
제주특별자치도 제주시 (5011000000),493023 ,493023 ,43144 ,52645 ,61492 ,61059 ,81952 ,83358 ,59074 ,30648 ,16540 ,2981 ,130 ,246449 ,246449 ,22165 ,27435 ,32331 ,30836 ,41538 ,42787 ,29208 ,13946 ,5704 ,493 ,6 ,246574 ,246574 ,20979 ,25210 ,29161 ,30223 ,40414 ,40571 ,29866 ,16702 ,10836 ,2488 ,124 
제주특별자치도 서귀포시 (5013000000),184195 ,184195 ,14191 ,17614 ,18409 ,19358 ,29503 ,32560 ,26661 ,15497 ,8949 ,1380 ,73 ,92871 ,92871 ,7293 ,9250 ,9949 ,9624 ,15492 ,17433 ,13331 ,7188 ,3079 ,229 ,3 ,91324 ,91324 ,6898 ,8364 ,8460 ,9734 ,14011 ,15127 ,13330 ,8309 ,5870 ,1151 ,70 
