--------------------------------------------------------
--  파일이 생성됨 - 수요일-2월-16-2022   
--------------------------------------------------------
--------------------------------------------------------
--  DDL for Sequence BOARD_SEQ
--------------------------------------------------------

   CREATE SEQUENCE  "BOARD_SEQ"  MINVALUE 0 MAXVALUE 99999999 INCREMENT BY 1 START WITH 2 NOCACHE  NOORDER  NOCYCLE ;
--------------------------------------------------------
--  DDL for Table ACCOUNTS
--------------------------------------------------------

  CREATE TABLE "ACCOUNTS" 
   (	"ACC_NO" CHAR(12 BYTE), 
	"ACC_NAME" VARCHAR2(30 BYTE), 
	"ADDR" VARCHAR2(100 BYTE), 
	"TEL" VARCHAR2(15 BYTE), 
	"CEO" VARCHAR2(30 BYTE)
   ) SEGMENT CREATION IMMEDIATE 
  PCTFREE 10 PCTUSED 40 INITRANS 1 MAXTRANS 255 NOCOMPRESS LOGGING
  STORAGE(INITIAL 65536 NEXT 1048576 MINEXTENTS 1 MAXEXTENTS 2147483645
  PCTINCREASE 0 FREELISTS 1 FREELIST GROUPS 1 BUFFER_POOL DEFAULT FLASH_CACHE DEFAULT CELL_FLASH_CACHE DEFAULT)
  TABLESPACE "SYSTEM" ;
--------------------------------------------------------
--  DDL for Table BOARD
--------------------------------------------------------

  CREATE TABLE "BOARD" 
   (	"BNO" NUMBER, 
	"TITLE" VARCHAR2(100 BYTE), 
	"WR_NAME" VARCHAR2(30 BYTE), 
	"WR_DATE" DATE, 
	"NOTE" VARCHAR2(1000 BYTE), 
	"SEL_CNT" NUMBER DEFAULT 0
   ) SEGMENT CREATION IMMEDIATE 
  PCTFREE 10 PCTUSED 40 INITRANS 1 MAXTRANS 255 NOCOMPRESS LOGGING
  STORAGE(INITIAL 65536 NEXT 1048576 MINEXTENTS 1 MAXEXTENTS 2147483645
  PCTINCREASE 0 FREELISTS 1 FREELIST GROUPS 1 BUFFER_POOL DEFAULT FLASH_CACHE DEFAULT CELL_FLASH_CACHE DEFAULT)
  TABLESPACE "SYSTEM" ;
--------------------------------------------------------
--  DDL for Table CUSTOMER
--------------------------------------------------------

  CREATE TABLE "CUSTOMER" 
   (	"CUST_ID" CHAR(5 BYTE), 
	"CU_NAME" VARCHAR2(30 BYTE), 
	"TEL" VARCHAR2(15 BYTE), 
	"ADDR" VARCHAR2(100 BYTE), 
	"EMAIL" VARCHAR2(50 BYTE), 
	"GEN" CHAR(2 BYTE), 
	"BIRTH" DATE, 
	"CU_POINT" NUMBER
   ) SEGMENT CREATION IMMEDIATE 
  PCTFREE 10 PCTUSED 40 INITRANS 1 MAXTRANS 255 NOCOMPRESS LOGGING
  STORAGE(INITIAL 65536 NEXT 1048576 MINEXTENTS 1 MAXEXTENTS 2147483645
  PCTINCREASE 0 FREELISTS 1 FREELIST GROUPS 1 BUFFER_POOL DEFAULT FLASH_CACHE DEFAULT CELL_FLASH_CACHE DEFAULT)
  TABLESPACE "SYSTEM" ;
--------------------------------------------------------
--  DDL for Table DEPT_CONST
--------------------------------------------------------

  CREATE TABLE "DEPT_CONST" 
   (	"DOPTNO" NUMBER(2,0), 
	"DNAME" VARCHAR2(14 BYTE), 
	"LOC" VARCHAR2(13 BYTE)
   ) SEGMENT CREATION IMMEDIATE 
  PCTFREE 10 PCTUSED 40 INITRANS 1 MAXTRANS 255 NOCOMPRESS LOGGING
  STORAGE(INITIAL 65536 NEXT 1048576 MINEXTENTS 1 MAXEXTENTS 2147483645
  PCTINCREASE 0 FREELISTS 1 FREELIST GROUPS 1 BUFFER_POOL DEFAULT FLASH_CACHE DEFAULT CELL_FLASH_CACHE DEFAULT)
  TABLESPACE "SYSTEM" ;
--------------------------------------------------------
--  DDL for Table EMP_CONST
--------------------------------------------------------

  CREATE TABLE "EMP_CONST" 
   (	"EMPNO" NUMBER(4,0), 
	"ENAME" VARCHAR2(10 BYTE), 
	"JOB" VARCHAR2(9 BYTE), 
	"TEL" VARCHAR2(20 BYTE), 
	"HIREDATE" DATE, 
	"SAL" NUMBER(7,2), 
	"COMM" NUMBER(7,2), 
	"DEPTNO" NUMBER(2,0)
   ) SEGMENT CREATION IMMEDIATE 
  PCTFREE 10 PCTUSED 40 INITRANS 1 MAXTRANS 255 NOCOMPRESS LOGGING
  STORAGE(INITIAL 65536 NEXT 1048576 MINEXTENTS 1 MAXEXTENTS 2147483645
  PCTINCREASE 0 FREELISTS 1 FREELIST GROUPS 1 BUFFER_POOL DEFAULT FLASH_CACHE DEFAULT CELL_FLASH_CACHE DEFAULT)
  TABLESPACE "SYSTEM" ;
--------------------------------------------------------
--  DDL for Table PRODUCTS
--------------------------------------------------------

  CREATE TABLE "PRODUCTS" 
   (	"PROD_NO" CHAR(5 BYTE), 
	"PROD_NAME" VARCHAR2(50 BYTE), 
	"ACC_NO" CHAR(12 BYTE), 
	"BRAND" VARCHAR2(30 BYTE), 
	"STAD" VARCHAR2(30 BYTE)
   ) SEGMENT CREATION IMMEDIATE 
  PCTFREE 10 PCTUSED 40 INITRANS 1 MAXTRANS 255 NOCOMPRESS LOGGING
  STORAGE(INITIAL 65536 NEXT 1048576 MINEXTENTS 1 MAXEXTENTS 2147483645
  PCTINCREASE 0 FREELISTS 1 FREELIST GROUPS 1 BUFFER_POOL DEFAULT FLASH_CACHE DEFAULT CELL_FLASH_CACHE DEFAULT)
  TABLESPACE "SYSTEM" ;
--------------------------------------------------------
--  DDL for Table SALES
--------------------------------------------------------

  CREATE TABLE "SALES" 
   (	"SAL_NO" CHAR(5 BYTE), 
	"SALE_DATE" DATE DEFAULT SYSDATE, 
	"CUST_ID" CHAR(5 BYTE), 
	"DEL_DATE" DATE DEFAULT SYSDATE, 
	"PROD_NO" CHAR(5 BYTE), 
	"QUANTITY" NUMBER, 
	"AMOUNT" NUMBER, 
	"PATMENT" VARCHAR2(20 BYTE), 
	"NOTE" VARCHAR2(1000 BYTE)
   ) SEGMENT CREATION IMMEDIATE 
  PCTFREE 10 PCTUSED 40 INITRANS 1 MAXTRANS 255 NOCOMPRESS LOGGING
  STORAGE(INITIAL 65536 NEXT 1048576 MINEXTENTS 1 MAXEXTENTS 2147483645
  PCTINCREASE 0 FREELISTS 1 FREELIST GROUPS 1 BUFFER_POOL DEFAULT FLASH_CACHE DEFAULT CELL_FLASH_CACHE DEFAULT)
  TABLESPACE "SYSTEM" ;
REM INSERTING into ACCOUNTS
SET DEFINE OFF;
Insert into ACCOUNTS (ACC_NO,ACC_NAME,ADDR,TEL,CEO) values ('20001       ','미듬상사','서울 강남구 대치동 12 미듬빌딩 12층','02-342-7845','이장호');
Insert into ACCOUNTS (ACC_NO,ACC_NAME,ADDR,TEL,CEO) values ('20002       ','자바상회','부산광역시 광안리 13-5 14층','051-355-1234','김영수');
Insert into ACCOUNTS (ACC_NO,ACC_NAME,ADDR,TEL,CEO) values ('20003       ','무한상사','대전 서구 탄방동','042-824-8282','유재석');
Insert into ACCOUNTS (ACC_NO,ACC_NAME,ADDR,TEL,CEO) values ('20004       ','SK하이닉스','청주시 흥덕구 직지대로 337','043-123-456','아무개');
Insert into ACCOUNTS (ACC_NO,ACC_NAME,ADDR,TEL,CEO) values ('20005       ','역전할머니맥주','대전 대전시 유성구 엑스포로151번길 19','042-455-1235','김우영');
REM INSERTING into BOARD
SET DEFINE OFF;
Insert into BOARD (BNO,TITLE,WR_NAME,WR_DATE,NOTE,SEL_CNT) values (1,'데이터베이스는 재미있다.','관리자',to_date('22/02/16','RR/MM/DD'),'하늘이 파랗게 보이는이유는 우리의 시각세포중 보라색을 인지하는 세포가 적기때문이다',0);
Insert into BOARD (BNO,TITLE,WR_NAME,WR_DATE,NOTE,SEL_CNT) values (2,'빛을 전달하는 매질은 무엇인가?','미친놈',to_date('22/02/16','RR/MM/DD'),'에테르이다.',0);
REM INSERTING into CUSTOMER
SET DEFINE OFF;
Insert into CUSTOMER (CUST_ID,CU_NAME,TEL,ADDR,EMAIL,GEN,BIRTH,CU_POINT) values ('10001','이강륜','010-3937-2733','대전 서구 정림로 02','loor237@gmail.com','M ',to_date('95/12/02','RR/MM/DD'),0);
Insert into CUSTOMER (CUST_ID,CU_NAME,TEL,ADDR,EMAIL,GEN,BIRTH,CU_POINT) values ('10002','홍길동','010-3411-6844','대전 서구 괴정동 25-13','hgd1115@naver.com','M ',to_date('84/05/17','RR/MM/DD'),0);
Insert into CUSTOMER (CUST_ID,CU_NAME,TEL,ADDR,EMAIL,GEN,BIRTH,CU_POINT) values ('10003','김철수','010-1111-2222','대전 유성구 구암동','kim@naver.com','M ',to_date('99/12/24','RR/MM/DD'),0);
Insert into CUSTOMER (CUST_ID,CU_NAME,TEL,ADDR,EMAIL,GEN,BIRTH,CU_POINT) values ('10004','이무개','010-1234-5678','세종 다정동','LEE@naver.com','W ',to_date('93/06/17','RR/MM/DD'),0);
Insert into CUSTOMER (CUST_ID,CU_NAME,TEL,ADDR,EMAIL,GEN,BIRTH,CU_POINT) values ('10005','박창우','010-1234-4567','대전 유성구 123번길 55','hores@naver.com','M ',to_date('93/08/15','RR/MM/DD'),0);
Insert into CUSTOMER (CUST_ID,CU_NAME,TEL,ADDR,EMAIL,GEN,BIRTH,CU_POINT) values ('10006','주영현','010-1234-1234','대전 대덕구 송촌동','1111@gmail.com','M ',to_date('92/12/17','RR/MM/DD'),0);
Insert into CUSTOMER (CUST_ID,CU_NAME,TEL,ADDR,EMAIL,GEN,BIRTH,CU_POINT) values ('10007','김경태','010-5028-7341','세종특별자치시 보통1길','dmdrk4136@naver.com','M ',to_date('93/07/13','RR/MM/DD'),0);
Insert into CUSTOMER (CUST_ID,CU_NAME,TEL,ADDR,EMAIL,GEN,BIRTH,CU_POINT) values ('10008','유지은','010-2513-2160','대전 유성구 구즉로25','jeyou-@naver.com','W ',to_date('96/03/15','RR/MM/DD'),0);
Insert into CUSTOMER (CUST_ID,CU_NAME,TEL,ADDR,EMAIL,GEN,BIRTH,CU_POINT) values ('10009','한승훈','202-456-2121','1600 Pennsylvania Ave NW, Washington, DC 20500','president@whitehouse.gov','M ',to_date('90/11/16','RR/MM/DD'),0);
Insert into CUSTOMER (CUST_ID,CU_NAME,TEL,ADDR,EMAIL,GEN,BIRTH,CU_POINT) values ('10010','임예찬','010-1234-5678','서울 강북구','dladPcks1234@naver.com','W ',to_date('95/05/05','RR/MM/DD'),0);
Insert into CUSTOMER (CUST_ID,CU_NAME,TEL,ADDR,EMAIL,GEN,BIRTH,CU_POINT) values ('10011','나기원','010-9936-1390','대전 유성구 계룡로','sexygiwon@naver.com','M ',to_date('02/02/02','RR/MM/DD'),0);
Insert into CUSTOMER (CUST_ID,CU_NAME,TEL,ADDR,EMAIL,GEN,BIRTH,CU_POINT) values ('10012','강동호','010-9160-9397','대전 서구 가수원로 98 4동 205호','dongho@korea.kr','M ',to_date('96/08/06','RR/MM/DD'),0);
Insert into CUSTOMER (CUST_ID,CU_NAME,TEL,ADDR,EMAIL,GEN,BIRTH,CU_POINT) values ('10013','이나연','010-1111-2222','대전 유성구 관평동','yeon@naver.com','W ',to_date('97/05/16','RR/MM/DD'),0);
Insert into CUSTOMER (CUST_ID,CU_NAME,TEL,ADDR,EMAIL,GEN,BIRTH,CU_POINT) values ('10014','박지수','010-2884-6513','청주시 서원구 수영로 51','wltn5582@naver.com','M ',to_date('97/07/20','RR/MM/DD'),0);
Insert into CUSTOMER (CUST_ID,CU_NAME,TEL,ADDR,EMAIL,GEN,BIRTH,CU_POINT) values ('10015','박용배','010-3440-6899','대전 중구 오류로 10-13','pyb0105@naver.com','M ',to_date('64/11/17','RR/MM/DD'),0);
REM INSERTING into DEPT_CONST
SET DEFINE OFF;
REM INSERTING into EMP_CONST
SET DEFINE OFF;
REM INSERTING into PRODUCTS
SET DEFINE OFF;
Insert into PRODUCTS (PROD_NO,PROD_NAME,ACC_NO,BRAND,STAD) values ('30003','슬림핏 청바지 ','20002       ','아디다스','BLACK-95');
Insert into PRODUCTS (PROD_NO,PROD_NAME,ACC_NO,BRAND,STAD) values ('30033','따뜻한 양털 플리스 자켓 ','20005       ','나이키','WHITE-95');
Insert into PRODUCTS (PROD_NO,PROD_NAME,ACC_NO,BRAND,STAD) values ('30004','윈드자켓','20002       ','나이키','하늘색 M');
Insert into PRODUCTS (PROD_NO,PROD_NAME,ACC_NO,BRAND,STAD) values ('30034','윈드자켓','20003       ','아디다스','하늘색 L');
Insert into PRODUCTS (PROD_NO,PROD_NAME,ACC_NO,BRAND,STAD) values ('30005','집업후리스','20005       ','나이키','XXL');
Insert into PRODUCTS (PROD_NO,PROD_NAME,ACC_NO,BRAND,STAD) values ('30035','런닝화','20001       ','아디다스','250');
Insert into PRODUCTS (PROD_NO,PROD_NAME,ACC_NO,BRAND,STAD) values ('30009','아이언맨수트','20005       ','스타크인더스트리','XL');
Insert into PRODUCTS (PROD_NO,PROD_NAME,ACC_NO,BRAND,STAD) values ('30039','스파이더맨수트','20005       ','스타크인더스트리','L');
Insert into PRODUCTS (PROD_NO,PROD_NAME,ACC_NO,BRAND,STAD) values ('30012','역전할매유니폼(여름용)','20005       ','역전할매','S(빨강)');
Insert into PRODUCTS (PROD_NO,PROD_NAME,ACC_NO,BRAND,STAD) values ('30042','SK유니폼(2004V)','20004       ','SK','M(빨강)');
Insert into PRODUCTS (PROD_NO,PROD_NAME,ACC_NO,BRAND,STAD) values ('30013','클라우드 플리스 자켓','20001       ','로맨틱크라운','블랙-L');
Insert into PRODUCTS (PROD_NO,PROD_NAME,ACC_NO,BRAND,STAD) values ('30043','오버사이즈 옥스포드 셔츠','20003       ','무신사 스탠다드','스카이 블루-M');
Insert into PRODUCTS (PROD_NO,PROD_NAME,ACC_NO,BRAND,STAD) values ('30008','블링V핏 스웨터','20001       ','강남언니','BLUE-S');
Insert into PRODUCTS (PROD_NO,PROD_NAME,ACC_NO,BRAND,STAD) values ('30038','저기요 번호 좀요 스커트','20003       ','강북언니','BLACK-M');
Insert into PRODUCTS (PROD_NO,PROD_NAME,ACC_NO,BRAND,STAD) values ('30006','넘버링','20001       ','Margiela','xs15');
Insert into PRODUCTS (PROD_NO,PROD_NAME,ACC_NO,BRAND,STAD) values ('30036','가디건','20002       ','ThomBrowne','L105');
Insert into PRODUCTS (PROD_NO,PROD_NAME,ACC_NO,BRAND,STAD) values ('30001','청바지','20002       ','국동','L');
Insert into PRODUCTS (PROD_NO,PROD_NAME,ACC_NO,BRAND,STAD) values ('30031','재킷','20005       ','원풍물산','XL');
Insert into PRODUCTS (PROD_NO,PROD_NAME,ACC_NO,BRAND,STAD) values ('30002','가디건','20004       ','JARA','BLUE-90');
Insert into PRODUCTS (PROD_NO,PROD_NAME,ACC_NO,BRAND,STAD) values ('30032','V넥 니트','20002       ','MLB','RED-105');
Insert into PRODUCTS (PROD_NO,PROD_NAME,ACC_NO,BRAND,STAD) values ('30007','싱글 롱 코트','20004       ','지오지아','M-95');
Insert into PRODUCTS (PROD_NO,PROD_NAME,ACC_NO,BRAND,STAD) values ('30037','더블 롱 코트','20001       ','자라','L-100');
Insert into PRODUCTS (PROD_NO,PROD_NAME,ACC_NO,BRAND,STAD) values ('30010','손으로 만든 맥주','20005       ','맥맥회사','500ML');
Insert into PRODUCTS (PROD_NO,PROD_NAME,ACC_NO,BRAND,STAD) values ('30040','발로 만든 맥주','20005       ','맥맥회사','750ML');
Insert into PRODUCTS (PROD_NO,PROD_NAME,ACC_NO,BRAND,STAD) values ('30011','나일론양말','20003       ',' 기원상회','빨강 L');
Insert into PRODUCTS (PROD_NO,PROD_NAME,ACC_NO,BRAND,STAD) values ('30041','빅사이즈 맨투맨','20003       ','기원상회','노랑 XXL');
Insert into PRODUCTS (PROD_NO,PROD_NAME,ACC_NO,BRAND,STAD) values ('30014','스트라이프 티셔츠','20002       ','WHATITISNT','XL');
Insert into PRODUCTS (PROD_NO,PROD_NAME,ACC_NO,BRAND,STAD) values ('30044','후드','20002       ','뱅뱅','XL');
REM INSERTING into SALES
SET DEFINE OFF;
Insert into SALES (SAL_NO,SALE_DATE,CUST_ID,DEL_DATE,PROD_NO,QUANTITY,AMOUNT,PATMENT,NOTE) values ('01501',to_date('22/02/15','RR/MM/DD'),'10011',to_date('22/02/15','RR/MM/DD'),'30012',2,54000,'카드','기장수선');
Insert into SALES (SAL_NO,SALE_DATE,CUST_ID,DEL_DATE,PROD_NO,QUANTITY,AMOUNT,PATMENT,NOTE) values ('01502',to_date('22/02/15','RR/MM/DD'),'10003',to_date('22/02/15','RR/MM/DD'),'30036',1,78800,'현금','친구소개');
Insert into SALES (SAL_NO,SALE_DATE,CUST_ID,DEL_DATE,PROD_NO,QUANTITY,AMOUNT,PATMENT,NOTE) values ('00101',to_date('22/02/15','RR/MM/DD'),'10003',to_date('22/02/15','RR/MM/DD'),'30007',3,75000,'현금','수선');
Insert into SALES (SAL_NO,SALE_DATE,CUST_ID,DEL_DATE,PROD_NO,QUANTITY,AMOUNT,PATMENT,NOTE) values ('00102',to_date('22/02/15','RR/MM/DD'),'10012',to_date('22/02/15','RR/MM/DD'),'30002',7,140000,'카드','수선');
Insert into SALES (SAL_NO,SALE_DATE,CUST_ID,DEL_DATE,PROD_NO,QUANTITY,AMOUNT,PATMENT,NOTE) values ('00103',to_date('22/02/15','RR/MM/DD'),'10014',to_date('22/02/15','RR/MM/DD'),'30014',8,150000,'현금','소개');
Insert into SALES (SAL_NO,SALE_DATE,CUST_ID,DEL_DATE,PROD_NO,QUANTITY,AMOUNT,PATMENT,NOTE) values ('00104',to_date('22/02/15','RR/MM/DD'),'10007',to_date('22/02/15','RR/MM/DD'),'30011',6,100000,'카드','수선');
Insert into SALES (SAL_NO,SALE_DATE,CUST_ID,DEL_DATE,PROD_NO,QUANTITY,AMOUNT,PATMENT,NOTE) values ('00105',to_date('22/02/15','RR/MM/DD'),'10005',to_date('22/02/15','RR/MM/DD'),'30031',7,60000,'현금','소개');
Insert into SALES (SAL_NO,SALE_DATE,CUST_ID,DEL_DATE,PROD_NO,QUANTITY,AMOUNT,PATMENT,NOTE) values ('00106',to_date('22/02/15','RR/MM/DD'),'10008',to_date('22/02/15','RR/MM/DD'),'30033',20,80000,'카드','소개');
Insert into SALES (SAL_NO,SALE_DATE,CUST_ID,DEL_DATE,PROD_NO,QUANTITY,AMOUNT,PATMENT,NOTE) values ('00107',to_date('22/02/15','RR/MM/DD'),'10011',to_date('22/02/15','RR/MM/DD'),'30035',1,60000,'현금','수선');
Insert into SALES (SAL_NO,SALE_DATE,CUST_ID,DEL_DATE,PROD_NO,QUANTITY,AMOUNT,PATMENT,NOTE) values ('00108',to_date('22/02/15','RR/MM/DD'),'10013',to_date('22/02/15','RR/MM/DD'),'30037',21,70000,'카드','소개');
Insert into SALES (SAL_NO,SALE_DATE,CUST_ID,DEL_DATE,PROD_NO,QUANTITY,AMOUNT,PATMENT,NOTE) values ('00109',to_date('22/02/15','RR/MM/DD'),'10006',to_date('22/02/15','RR/MM/DD'),'30039',17,40000,'현금','수선');
Insert into SALES (SAL_NO,SALE_DATE,CUST_ID,DEL_DATE,PROD_NO,QUANTITY,AMOUNT,PATMENT,NOTE) values ('00110',to_date('22/02/15','RR/MM/DD'),'10002',to_date('22/02/15','RR/MM/DD'),'30041',6,20000,'카드','소개');
Insert into SALES (SAL_NO,SALE_DATE,CUST_ID,DEL_DATE,PROD_NO,QUANTITY,AMOUNT,PATMENT,NOTE) values ('00201',to_date('22/02/15','RR/MM/DD'),'10013',to_date('22/02/15','RR/MM/DD'),'30004',13,424000,'카드',null);
Insert into SALES (SAL_NO,SALE_DATE,CUST_ID,DEL_DATE,PROD_NO,QUANTITY,AMOUNT,PATMENT,NOTE) values ('00203',to_date('22/02/15','RR/MM/DD'),'10005',to_date('22/02/15','RR/MM/DD'),'30037',7,145000,'현금','지인추천');
Insert into SALES (SAL_NO,SALE_DATE,CUST_ID,DEL_DATE,PROD_NO,QUANTITY,AMOUNT,PATMENT,NOTE) values ('00211',to_date('22/02/15','RR/MM/DD'),'10009',to_date('22/02/15','RR/MM/DD'),'30031',3,99000,'현금','현금영수증');
Insert into SALES (SAL_NO,SALE_DATE,CUST_ID,DEL_DATE,PROD_NO,QUANTITY,AMOUNT,PATMENT,NOTE) values ('00205',to_date('22/02/15','RR/MM/DD'),'10011',to_date('22/02/15','RR/MM/DD'),'30008',11,580000,'카드',null);
Insert into SALES (SAL_NO,SALE_DATE,CUST_ID,DEL_DATE,PROD_NO,QUANTITY,AMOUNT,PATMENT,NOTE) values ('00207',to_date('22/02/15','RR/MM/DD'),'10002',to_date('22/02/15','RR/MM/DD'),'30010',8,267000,'카드',null);
Insert into SALES (SAL_NO,SALE_DATE,CUST_ID,DEL_DATE,PROD_NO,QUANTITY,AMOUNT,PATMENT,NOTE) values ('00301',to_date('22/02/15','RR/MM/DD'),'10001',to_date('22/02/15','RR/MM/DD'),'30043',3,63250,'카드',null);
Insert into SALES (SAL_NO,SALE_DATE,CUST_ID,DEL_DATE,PROD_NO,QUANTITY,AMOUNT,PATMENT,NOTE) values ('00302',to_date('22/02/15','RR/MM/DD'),'10003',to_date('22/02/15','RR/MM/DD'),'30014',4,70000,'현금','한개는 사이즈교환');
Insert into SALES (SAL_NO,SALE_DATE,CUST_ID,DEL_DATE,PROD_NO,QUANTITY,AMOUNT,PATMENT,NOTE) values ('00303',to_date('22/02/15','RR/MM/DD'),'10012',to_date('22/02/15','RR/MM/DD'),'30006',5,85000,'현금','현금 5000원 할인');
Insert into SALES (SAL_NO,SALE_DATE,CUST_ID,DEL_DATE,PROD_NO,QUANTITY,AMOUNT,PATMENT,NOTE) values ('00304',to_date('22/02/15','RR/MM/DD'),'10006',to_date('22/02/15','RR/MM/DD'),'30032',1,18500,'카드',null);
Insert into SALES (SAL_NO,SALE_DATE,CUST_ID,DEL_DATE,PROD_NO,QUANTITY,AMOUNT,PATMENT,NOTE) values ('00305',to_date('22/02/15','RR/MM/DD'),'10009',to_date('22/02/15','RR/MM/DD'),'30037',1,158900,'카드','거북이');
Insert into SALES (SAL_NO,SALE_DATE,CUST_ID,DEL_DATE,PROD_NO,QUANTITY,AMOUNT,PATMENT,NOTE) values ('00306',to_date('22/02/15','RR/MM/DD'),'10010',to_date('22/02/15','RR/MM/DD'),'30012',10,200000,'카드','한번 먹으러 갈게요.');
Insert into SALES (SAL_NO,SALE_DATE,CUST_ID,DEL_DATE,PROD_NO,QUANTITY,AMOUNT,PATMENT,NOTE) values ('00307',to_date('22/02/15','RR/MM/DD'),'10004',to_date('22/02/15','RR/MM/DD'),'30038',1,48500,'현금','전화번호:010-2585-4985인데....');
Insert into SALES (SAL_NO,SALE_DATE,CUST_ID,DEL_DATE,PROD_NO,QUANTITY,AMOUNT,PATMENT,NOTE) values ('00401',to_date('22/02/15','RR/MM/DD'),'10008',to_date('22/02/15','RR/MM/DD'),'30005',100,2500000,'카드','요구사항이 많음');
Insert into SALES (SAL_NO,SALE_DATE,CUST_ID,DEL_DATE,PROD_NO,QUANTITY,AMOUNT,PATMENT,NOTE) values ('00402',to_date('22/02/15','RR/MM/DD'),'10003',to_date('22/02/15','RR/MM/DD'),'30042',1000,30000000,'카드',null);
Insert into SALES (SAL_NO,SALE_DATE,CUST_ID,DEL_DATE,PROD_NO,QUANTITY,AMOUNT,PATMENT,NOTE) values ('00403',to_date('22/02/15','RR/MM/DD'),'10005',to_date('22/02/15','RR/MM/DD'),'30012',1000,30000000,'카드',null);
Insert into SALES (SAL_NO,SALE_DATE,CUST_ID,DEL_DATE,PROD_NO,QUANTITY,AMOUNT,PATMENT,NOTE) values ('00404',to_date('22/02/15','RR/MM/DD'),'10011',to_date('22/02/15','RR/MM/DD'),'30034',2,80000,'현금','변경사항많음');
Insert into SALES (SAL_NO,SALE_DATE,CUST_ID,DEL_DATE,PROD_NO,QUANTITY,AMOUNT,PATMENT,NOTE) values ('00405',to_date('22/02/15','RR/MM/DD'),'10014',to_date('22/02/15','RR/MM/DD'),'30033',1,80000,'현금',null);
Insert into SALES (SAL_NO,SALE_DATE,CUST_ID,DEL_DATE,PROD_NO,QUANTITY,AMOUNT,PATMENT,NOTE) values ('00406',to_date('22/02/15','RR/MM/DD'),'10015',to_date('22/02/15','RR/MM/DD'),'30033',4,160000,'카드',null);
Insert into SALES (SAL_NO,SALE_DATE,CUST_ID,DEL_DATE,PROD_NO,QUANTITY,AMOUNT,PATMENT,NOTE) values ('00407',to_date('22/02/15','RR/MM/DD'),'10012',to_date('22/02/15','RR/MM/DD'),'30039',1,80000,'현금',null);
Insert into SALES (SAL_NO,SALE_DATE,CUST_ID,DEL_DATE,PROD_NO,QUANTITY,AMOUNT,PATMENT,NOTE) values ('00408',to_date('22/02/15','RR/MM/DD'),'10004',to_date('22/02/15','RR/MM/DD'),'30034',1,80000,'카드','추워요');
Insert into SALES (SAL_NO,SALE_DATE,CUST_ID,DEL_DATE,PROD_NO,QUANTITY,AMOUNT,PATMENT,NOTE) values ('00409',to_date('22/02/15','RR/MM/DD'),'10007',to_date('22/02/15','RR/MM/DD'),'30011',10,60000,'현금','집에가고싶어요');
Insert into SALES (SAL_NO,SALE_DATE,CUST_ID,DEL_DATE,PROD_NO,QUANTITY,AMOUNT,PATMENT,NOTE) values ('00410',to_date('22/02/15','RR/MM/DD'),'10013',to_date('22/02/15','RR/MM/DD'),'30036',25,350000,'카드','배고파요');
Insert into SALES (SAL_NO,SALE_DATE,CUST_ID,DEL_DATE,PROD_NO,QUANTITY,AMOUNT,PATMENT,NOTE) values ('00501',to_date('22/02/15','RR/MM/DD'),'10005',to_date('22/02/15','RR/MM/DD'),'30014',2,30000,'카드','단골');
Insert into SALES (SAL_NO,SALE_DATE,CUST_ID,DEL_DATE,PROD_NO,QUANTITY,AMOUNT,PATMENT,NOTE) values ('00502',to_date('22/02/15','RR/MM/DD'),'10004',to_date('22/02/15','RR/MM/DD'),'30038',1,50000,'카드','맥주서비스');
Insert into SALES (SAL_NO,SALE_DATE,CUST_ID,DEL_DATE,PROD_NO,QUANTITY,AMOUNT,PATMENT,NOTE) values ('00503',to_date('22/02/15','RR/MM/DD'),'10002',to_date('22/02/15','RR/MM/DD'),'30036',1,30000,'카드','ㅇ.ㅇ');
Insert into SALES (SAL_NO,SALE_DATE,CUST_ID,DEL_DATE,PROD_NO,QUANTITY,AMOUNT,PATMENT,NOTE) values ('00504',to_date('22/02/15','RR/MM/DD'),'10001',to_date('22/02/15','RR/MM/DD'),'30005',5,330000,'카드','무섭게 생김');
Insert into SALES (SAL_NO,SALE_DATE,CUST_ID,DEL_DATE,PROD_NO,QUANTITY,AMOUNT,PATMENT,NOTE) values ('00505',to_date('22/02/15','RR/MM/DD'),'10003',to_date('22/02/15','RR/MM/DD'),'30035',1,40000,'카드','처음온 사람');
Insert into SALES (SAL_NO,SALE_DATE,CUST_ID,DEL_DATE,PROD_NO,QUANTITY,AMOUNT,PATMENT,NOTE) values ('00506',to_date('22/02/15','RR/MM/DD'),'10005',to_date('22/02/15','RR/MM/DD'),'30012',5,150000,'카드','단골');
Insert into SALES (SAL_NO,SALE_DATE,CUST_ID,DEL_DATE,PROD_NO,QUANTITY,AMOUNT,PATMENT,NOTE) values ('00507',to_date('22/02/15','RR/MM/DD'),'10004',to_date('22/02/15','RR/MM/DD'),'30040',1,40000,'카드','맥주서비스');
Insert into SALES (SAL_NO,SALE_DATE,CUST_ID,DEL_DATE,PROD_NO,QUANTITY,AMOUNT,PATMENT,NOTE) values ('00508',to_date('22/02/15','RR/MM/DD'),'10001',to_date('22/02/15','RR/MM/DD'),'30014',2,30000,'카드','노래를 흥얼거림');
Insert into SALES (SAL_NO,SALE_DATE,CUST_ID,DEL_DATE,PROD_NO,QUANTITY,AMOUNT,PATMENT,NOTE) values ('00509',to_date('22/02/15','RR/MM/DD'),'10002',to_date('22/02/15','RR/MM/DD'),'30031',5,300000,'카드','옷을 많이 사감');
Insert into SALES (SAL_NO,SALE_DATE,CUST_ID,DEL_DATE,PROD_NO,QUANTITY,AMOUNT,PATMENT,NOTE) values ('00510',to_date('22/02/15','RR/MM/DD'),'10005',to_date('22/02/15','RR/MM/DD'),'30010',20,600000,'카드','단골');
Insert into SALES (SAL_NO,SALE_DATE,CUST_ID,DEL_DATE,PROD_NO,QUANTITY,AMOUNT,PATMENT,NOTE) values ('00511',to_date('22/02/15','RR/MM/DD'),'10004',to_date('22/02/15','RR/MM/DD'),'30013',10,400000,'카드','맥주서비스');
Insert into SALES (SAL_NO,SALE_DATE,CUST_ID,DEL_DATE,PROD_NO,QUANTITY,AMOUNT,PATMENT,NOTE) values ('00601',to_date('22/02/15','RR/MM/DD'),'10002',to_date('22/02/15','RR/MM/DD'),'30001',2,400000,'카드','로켓와우');
Insert into SALES (SAL_NO,SALE_DATE,CUST_ID,DEL_DATE,PROD_NO,QUANTITY,AMOUNT,PATMENT,NOTE) values ('00602',to_date('22/02/15','RR/MM/DD'),'10003',to_date('22/02/15','RR/MM/DD'),'30002',1,200000,'카드','로켓회원');
Insert into SALES (SAL_NO,SALE_DATE,CUST_ID,DEL_DATE,PROD_NO,QUANTITY,AMOUNT,PATMENT,NOTE) values ('00603',to_date('22/02/15','RR/MM/DD'),'10004',to_date('22/02/15','RR/MM/DD'),'30003',3,600000,'현금','지연');
Insert into SALES (SAL_NO,SALE_DATE,CUST_ID,DEL_DATE,PROD_NO,QUANTITY,AMOUNT,PATMENT,NOTE) values ('00604',to_date('22/02/15','RR/MM/DD'),'10005',to_date('22/02/15','RR/MM/DD'),'30004',4,800000,'카드','0209배송');
Insert into SALES (SAL_NO,SALE_DATE,CUST_ID,DEL_DATE,PROD_NO,QUANTITY,AMOUNT,PATMENT,NOTE) values ('00605',to_date('22/02/15','RR/MM/DD'),'10007',to_date('22/02/15','RR/MM/DD'),'30005',5,1000000,'카드','지연');
Insert into SALES (SAL_NO,SALE_DATE,CUST_ID,DEL_DATE,PROD_NO,QUANTITY,AMOUNT,PATMENT,NOTE) values ('00606',to_date('22/02/15','RR/MM/DD'),'10008',to_date('22/02/15','RR/MM/DD'),'30006',4,800000,'현금','로켓와우');
Insert into SALES (SAL_NO,SALE_DATE,CUST_ID,DEL_DATE,PROD_NO,QUANTITY,AMOUNT,PATMENT,NOTE) values ('00607',to_date('22/02/15','RR/MM/DD'),'10009',to_date('22/02/15','RR/MM/DD'),'30007',3,600000,'카드','늦은배송');
Insert into SALES (SAL_NO,SALE_DATE,CUST_ID,DEL_DATE,PROD_NO,QUANTITY,AMOUNT,PATMENT,NOTE) values ('00608',to_date('22/02/15','RR/MM/DD'),'10010',to_date('22/02/15','RR/MM/DD'),'30008',5,1000000,'카드','지연배송');
Insert into SALES (SAL_NO,SALE_DATE,CUST_ID,DEL_DATE,PROD_NO,QUANTITY,AMOUNT,PATMENT,NOTE) values ('00609',to_date('22/02/15','RR/MM/DD'),'10011',to_date('22/02/15','RR/MM/DD'),'30009',1,200000,'카드','늦은배송');
Insert into SALES (SAL_NO,SALE_DATE,CUST_ID,DEL_DATE,PROD_NO,QUANTITY,AMOUNT,PATMENT,NOTE) values ('00610',to_date('22/02/15','RR/MM/DD'),'10012',to_date('22/02/15','RR/MM/DD'),'30010',4,800000,'현금','지연');
Insert into SALES (SAL_NO,SALE_DATE,CUST_ID,DEL_DATE,PROD_NO,QUANTITY,AMOUNT,PATMENT,NOTE) values ('00611',to_date('22/02/15','RR/MM/DD'),'10013',to_date('22/02/15','RR/MM/DD'),'30011',2,400000,'카드','늦은배송');
Insert into SALES (SAL_NO,SALE_DATE,CUST_ID,DEL_DATE,PROD_NO,QUANTITY,AMOUNT,PATMENT,NOTE) values ('00612',to_date('22/02/15','RR/MM/DD'),'10014',to_date('22/02/15','RR/MM/DD'),'30012',1,200000,'카드','늦은배송');
Insert into SALES (SAL_NO,SALE_DATE,CUST_ID,DEL_DATE,PROD_NO,QUANTITY,AMOUNT,PATMENT,NOTE) values ('00613',to_date('22/02/15','RR/MM/DD'),'10015',to_date('22/02/15','RR/MM/DD'),'30013',2,400000,'카드','지연');
Insert into SALES (SAL_NO,SALE_DATE,CUST_ID,DEL_DATE,PROD_NO,QUANTITY,AMOUNT,PATMENT,NOTE) values ('00614',to_date('22/02/15','RR/MM/DD'),'10001',to_date('22/02/15','RR/MM/DD'),'30014',2,400000,'현금','빠른배송');
Insert into SALES (SAL_NO,SALE_DATE,CUST_ID,DEL_DATE,PROD_NO,QUANTITY,AMOUNT,PATMENT,NOTE) values ('00701',to_date('22/02/15','RR/MM/DD'),'10001',to_date('22/02/15','RR/MM/DD'),'30001',1,120000,'현금','문앞에 놓고 문자주세요!');
Insert into SALES (SAL_NO,SALE_DATE,CUST_ID,DEL_DATE,PROD_NO,QUANTITY,AMOUNT,PATMENT,NOTE) values ('00702',to_date('22/02/15','RR/MM/DD'),'10002',to_date('22/02/15','RR/MM/DD'),'30002',4,500000000,'카드','아이가 자고있어요 벨누르지마세요!');
Insert into SALES (SAL_NO,SALE_DATE,CUST_ID,DEL_DATE,PROD_NO,QUANTITY,AMOUNT,PATMENT,NOTE) values ('00703',to_date('22/02/15','RR/MM/DD'),'10003',to_date('22/02/15','RR/MM/DD'),'30003',8,80500000,'카드','문앞에 놓아주세요');
Insert into SALES (SAL_NO,SALE_DATE,CUST_ID,DEL_DATE,PROD_NO,QUANTITY,AMOUNT,PATMENT,NOTE) values ('00704',to_date('22/02/15','RR/MM/DD'),'10004',to_date('22/02/15','RR/MM/DD'),'30004',9,90000000,'카드','단골이에요^^');
Insert into SALES (SAL_NO,SALE_DATE,CUST_ID,DEL_DATE,PROD_NO,QUANTITY,AMOUNT,PATMENT,NOTE) values ('00705',to_date('22/02/15','RR/MM/DD'),'10005',to_date('22/02/15','RR/MM/DD'),'30005',15,15500000,'카드','품질이 너무 좋아요^^');
Insert into SALES (SAL_NO,SALE_DATE,CUST_ID,DEL_DATE,PROD_NO,QUANTITY,AMOUNT,PATMENT,NOTE) values ('00706',to_date('22/02/15','RR/MM/DD'),'10006',to_date('22/02/15','RR/MM/DD'),'30006',16,50000000,'카드','비고없음');
Insert into SALES (SAL_NO,SALE_DATE,CUST_ID,DEL_DATE,PROD_NO,QUANTITY,AMOUNT,PATMENT,NOTE) values ('00707',to_date('22/02/15','RR/MM/DD'),'10007',to_date('22/02/15','RR/MM/DD'),'30007',20,15600000,'카드','품질보장');
Insert into SALES (SAL_NO,SALE_DATE,CUST_ID,DEL_DATE,PROD_NO,QUANTITY,AMOUNT,PATMENT,NOTE) values ('00708',to_date('22/02/15','RR/MM/DD'),'10008',to_date('22/02/15','RR/MM/DD'),'30008',20,50000000,'카드','문 앞에 놓아주세요');
Insert into SALES (SAL_NO,SALE_DATE,CUST_ID,DEL_DATE,PROD_NO,QUANTITY,AMOUNT,PATMENT,NOTE) values ('00709',to_date('22/02/15','RR/MM/DD'),'10009',to_date('22/02/15','RR/MM/DD'),'30009',40,90000000,'카드','벨누르지 말아주세요');
Insert into SALES (SAL_NO,SALE_DATE,CUST_ID,DEL_DATE,PROD_NO,QUANTITY,AMOUNT,PATMENT,NOTE) values ('00710',to_date('22/02/15','RR/MM/DD'),'10010',to_date('22/02/15','RR/MM/DD'),'30010',5,20000000,'카드','아이가 자고있아요');
Insert into SALES (SAL_NO,SALE_DATE,CUST_ID,DEL_DATE,PROD_NO,QUANTITY,AMOUNT,PATMENT,NOTE) values ('00711',to_date('22/02/15','RR/MM/DD'),'10011',to_date('22/02/15','RR/MM/DD'),'30011',6,50000000,'카드','아이같은 어른이 자고있어요');
Insert into SALES (SAL_NO,SALE_DATE,CUST_ID,DEL_DATE,PROD_NO,QUANTITY,AMOUNT,PATMENT,NOTE) values ('00712',to_date('22/02/15','RR/MM/DD'),'10012',to_date('22/02/15','RR/MM/DD'),'30012',8,40000000,'카드','기사님 오늘도 고생하십니다');
Insert into SALES (SAL_NO,SALE_DATE,CUST_ID,DEL_DATE,PROD_NO,QUANTITY,AMOUNT,PATMENT,NOTE) values ('00713',to_date('22/02/15','RR/MM/DD'),'10013',to_date('22/02/15','RR/MM/DD'),'30013',9,5000000,'현금','안전운전 하세요!');
Insert into SALES (SAL_NO,SALE_DATE,CUST_ID,DEL_DATE,PROD_NO,QUANTITY,AMOUNT,PATMENT,NOTE) values ('00714',to_date('22/02/15','RR/MM/DD'),'10014',to_date('22/02/15','RR/MM/DD'),'30014',40,16000000,'카드','경비실에 맡겨주세요!');
Insert into SALES (SAL_NO,SALE_DATE,CUST_ID,DEL_DATE,PROD_NO,QUANTITY,AMOUNT,PATMENT,NOTE) values ('00715',to_date('22/02/15','RR/MM/DD'),'10015',to_date('22/02/15','RR/MM/DD'),'30014',20,15500000,'현금','배송시 문자주세요!');
Insert into SALES (SAL_NO,SALE_DATE,CUST_ID,DEL_DATE,PROD_NO,QUANTITY,AMOUNT,PATMENT,NOTE) values ('00801',to_date('22/02/15','RR/MM/DD'),'10012',to_date('22/02/15','RR/MM/DD'),'30038',2,70000,'카드','블랙리스트');
Insert into SALES (SAL_NO,SALE_DATE,CUST_ID,DEL_DATE,PROD_NO,QUANTITY,AMOUNT,PATMENT,NOTE) values ('00802',to_date('22/02/15','RR/MM/DD'),'10007',to_date('22/02/15','RR/MM/DD'),'30008',5,80000,'카드','VIP');
Insert into SALES (SAL_NO,SALE_DATE,CUST_ID,DEL_DATE,PROD_NO,QUANTITY,AMOUNT,PATMENT,NOTE) values ('00803',to_date('22/02/15','RR/MM/DD'),'10010',to_date('22/02/15','RR/MM/DD'),'30014',3,90000,'현금','VVIP');
Insert into SALES (SAL_NO,SALE_DATE,CUST_ID,DEL_DATE,PROD_NO,QUANTITY,AMOUNT,PATMENT,NOTE) values ('00804',to_date('22/02/15','RR/MM/DD'),'10002',to_date('22/02/15','RR/MM/DD'),'30014',1,100000,'현금','MVIP');
Insert into SALES (SAL_NO,SALE_DATE,CUST_ID,DEL_DATE,PROD_NO,QUANTITY,AMOUNT,PATMENT,NOTE) values ('00805',to_date('22/02/15','RR/MM/DD'),'10006',to_date('22/02/15','RR/MM/DD'),'30008',3,110000,'카드','VIP');
Insert into SALES (SAL_NO,SALE_DATE,CUST_ID,DEL_DATE,PROD_NO,QUANTITY,AMOUNT,PATMENT,NOTE) values ('00901',to_date('22/02/15','RR/MM/DD'),'10009',to_date('22/02/15','RR/MM/DD'),'30009',10,14800000000,'현금','VVVIP고객주문');
Insert into SALES (SAL_NO,SALE_DATE,CUST_ID,DEL_DATE,PROD_NO,QUANTITY,AMOUNT,PATMENT,NOTE) values ('00902',to_date('22/02/15','RR/MM/DD'),'10009',to_date('22/02/15','RR/MM/DD'),'30039',6,9800000000,'현금','VVVIP고객주문');
Insert into SALES (SAL_NO,SALE_DATE,CUST_ID,DEL_DATE,PROD_NO,QUANTITY,AMOUNT,PATMENT,NOTE) values ('01001',to_date('22/02/15','RR/MM/DD'),'10010',to_date('22/02/15','RR/MM/DD'),'30039',7,500000,'현금','NULL');
Insert into SALES (SAL_NO,SALE_DATE,CUST_ID,DEL_DATE,PROD_NO,QUANTITY,AMOUNT,PATMENT,NOTE) values ('01002',to_date('22/02/15','RR/MM/DD'),'10010',to_date('22/02/15','RR/MM/DD'),'30034',8,150000,'카드','일시불');
Insert into SALES (SAL_NO,SALE_DATE,CUST_ID,DEL_DATE,PROD_NO,QUANTITY,AMOUNT,PATMENT,NOTE) values ('01003',to_date('22/02/15','RR/MM/DD'),'10010',to_date('22/02/15','RR/MM/DD'),'30040',1,110000,'현금','NULL');
Insert into SALES (SAL_NO,SALE_DATE,CUST_ID,DEL_DATE,PROD_NO,QUANTITY,AMOUNT,PATMENT,NOTE) values ('01004',to_date('22/02/15','RR/MM/DD'),'10010',to_date('22/02/15','RR/MM/DD'),'30010',2,150000,'카드','일시불');
Insert into SALES (SAL_NO,SALE_DATE,CUST_ID,DEL_DATE,PROD_NO,QUANTITY,AMOUNT,PATMENT,NOTE) values ('01005',to_date('22/02/15','RR/MM/DD'),'10010',to_date('22/02/15','RR/MM/DD'),'30009',3,320000,'현금','NULL');
Insert into SALES (SAL_NO,SALE_DATE,CUST_ID,DEL_DATE,PROD_NO,QUANTITY,AMOUNT,PATMENT,NOTE) values ('01006',to_date('22/02/15','RR/MM/DD'),'10010',to_date('22/02/15','RR/MM/DD'),'30032',5,520000,'카드','일시불');
Insert into SALES (SAL_NO,SALE_DATE,CUST_ID,DEL_DATE,PROD_NO,QUANTITY,AMOUNT,PATMENT,NOTE) values ('01007',to_date('22/02/15','RR/MM/DD'),'10010',to_date('22/02/15','RR/MM/DD'),'30042',5,780000,'현금','NULL');
Insert into SALES (SAL_NO,SALE_DATE,CUST_ID,DEL_DATE,PROD_NO,QUANTITY,AMOUNT,PATMENT,NOTE) values ('01101',to_date('22/02/15','RR/MM/DD'),'10011',to_date('22/02/15','RR/MM/DD'),'30011',40,200000,'카드','양말서비스 증정');
Insert into SALES (SAL_NO,SALE_DATE,CUST_ID,DEL_DATE,PROD_NO,QUANTITY,AMOUNT,PATMENT,NOTE) values ('01102',to_date('22/02/15','RR/MM/DD'),'10014',to_date('22/02/15','RR/MM/DD'),'30010',16,160000,'카드','JS');
Insert into SALES (SAL_NO,SALE_DATE,CUST_ID,DEL_DATE,PROD_NO,QUANTITY,AMOUNT,PATMENT,NOTE) values ('01103',to_date('22/02/15','RR/MM/DD'),'10011',to_date('22/02/15','RR/MM/DD'),'30033',10,500000,'카드','JS');
Insert into SALES (SAL_NO,SALE_DATE,CUST_ID,DEL_DATE,PROD_NO,QUANTITY,AMOUNT,PATMENT,NOTE) values ('01104',to_date('22/02/15','RR/MM/DD'),'10008',to_date('22/02/15','RR/MM/DD'),'30031',9,450000,'카드','JS');
Insert into SALES (SAL_NO,SALE_DATE,CUST_ID,DEL_DATE,PROD_NO,QUANTITY,AMOUNT,PATMENT,NOTE) values ('01105',to_date('22/02/15','RR/MM/DD'),'10005',to_date('22/02/15','RR/MM/DD'),'30041',21,420000,'카드','JS');
Insert into SALES (SAL_NO,SALE_DATE,CUST_ID,DEL_DATE,PROD_NO,QUANTITY,AMOUNT,PATMENT,NOTE) values ('01106',to_date('22/02/15','RR/MM/DD'),'10012',to_date('22/02/15','RR/MM/DD'),'30012',13,200000,'카드','JS');
Insert into SALES (SAL_NO,SALE_DATE,CUST_ID,DEL_DATE,PROD_NO,QUANTITY,AMOUNT,PATMENT,NOTE) values ('01107',to_date('22/02/15','RR/MM/DD'),'10009',to_date('22/02/15','RR/MM/DD'),'30007',7,700000,'카드','JS');
Insert into SALES (SAL_NO,SALE_DATE,CUST_ID,DEL_DATE,PROD_NO,QUANTITY,AMOUNT,PATMENT,NOTE) values ('01108',to_date('22/02/15','RR/MM/DD'),'10008',to_date('22/02/15','RR/MM/DD'),'30008',20,1000000,'카드','JS');
Insert into SALES (SAL_NO,SALE_DATE,CUST_ID,DEL_DATE,PROD_NO,QUANTITY,AMOUNT,PATMENT,NOTE) values ('01109',to_date('22/02/15','RR/MM/DD'),'10011',to_date('22/02/15','RR/MM/DD'),'30039',1,2000000,'카드','JS');
Insert into SALES (SAL_NO,SALE_DATE,CUST_ID,DEL_DATE,PROD_NO,QUANTITY,AMOUNT,PATMENT,NOTE) values ('01110',to_date('22/02/15','RR/MM/DD'),'10010',to_date('22/02/15','RR/MM/DD'),'30035',12,600000,'카드','JS');
Insert into SALES (SAL_NO,SALE_DATE,CUST_ID,DEL_DATE,PROD_NO,QUANTITY,AMOUNT,PATMENT,NOTE) values ('41201',to_date('22/02/15','RR/MM/DD'),'10001',to_date('22/02/15','RR/MM/DD'),'30001',100,100000,'현금','까다로움');
Insert into SALES (SAL_NO,SALE_DATE,CUST_ID,DEL_DATE,PROD_NO,QUANTITY,AMOUNT,PATMENT,NOTE) values ('41202',to_date('22/02/15','RR/MM/DD'),'10002',to_date('22/02/15','RR/MM/DD'),'30002',500,400000,'카드','먹는거 좋아함');
Insert into SALES (SAL_NO,SALE_DATE,CUST_ID,DEL_DATE,PROD_NO,QUANTITY,AMOUNT,PATMENT,NOTE) values ('41203',to_date('22/02/15','RR/MM/DD'),'10003',to_date('22/02/15','RR/MM/DD'),'30003',600,6000000,'카드','강아지 좋아함');
Insert into SALES (SAL_NO,SALE_DATE,CUST_ID,DEL_DATE,PROD_NO,QUANTITY,AMOUNT,PATMENT,NOTE) values ('41204',to_date('22/02/15','RR/MM/DD'),'10004',to_date('22/02/15','RR/MM/DD'),'30004',10000,100000000,'현금','돈이많음');
Insert into SALES (SAL_NO,SALE_DATE,CUST_ID,DEL_DATE,PROD_NO,QUANTITY,AMOUNT,PATMENT,NOTE) values ('41205',to_date('22/02/15','RR/MM/DD'),'10005',to_date('22/02/15','RR/MM/DD'),'30005',200,230000,'현금','장교출신');
Insert into SALES (SAL_NO,SALE_DATE,CUST_ID,DEL_DATE,PROD_NO,QUANTITY,AMOUNT,PATMENT,NOTE) values ('41206',to_date('22/02/15','RR/MM/DD'),'10006',to_date('22/02/15','RR/MM/DD'),'30006',20,30000,'카드','학회장출신');
Insert into SALES (SAL_NO,SALE_DATE,CUST_ID,DEL_DATE,PROD_NO,QUANTITY,AMOUNT,PATMENT,NOTE) values ('41207',to_date('22/02/15','RR/MM/DD'),'10007',to_date('22/02/15','RR/MM/DD'),'30007',2300,234030,'현금','술을좋아함');
Insert into SALES (SAL_NO,SALE_DATE,CUST_ID,DEL_DATE,PROD_NO,QUANTITY,AMOUNT,PATMENT,NOTE) values ('41208',to_date('22/02/15','RR/MM/DD'),'10008',to_date('22/02/15','RR/MM/DD'),'30008',400,2300000,'카드','옷을좋아함');
Insert into SALES (SAL_NO,SALE_DATE,CUST_ID,DEL_DATE,PROD_NO,QUANTITY,AMOUNT,PATMENT,NOTE) values ('41209',to_date('22/02/15','RR/MM/DD'),'10009',to_date('22/02/15','RR/MM/DD'),'30009',400,450000,'현금','물을좋아함');
Insert into SALES (SAL_NO,SALE_DATE,CUST_ID,DEL_DATE,PROD_NO,QUANTITY,AMOUNT,PATMENT,NOTE) values ('41210',to_date('22/02/15','RR/MM/DD'),'10010',to_date('22/02/15','RR/MM/DD'),'30010',2000,112330000,'카드','젠틀함');
Insert into SALES (SAL_NO,SALE_DATE,CUST_ID,DEL_DATE,PROD_NO,QUANTITY,AMOUNT,PATMENT,NOTE) values ('41211',to_date('22/02/15','RR/MM/DD'),'10011',to_date('22/02/15','RR/MM/DD'),'30011',30,30000,'현금','귀여움');
Insert into SALES (SAL_NO,SALE_DATE,CUST_ID,DEL_DATE,PROD_NO,QUANTITY,AMOUNT,PATMENT,NOTE) values ('41212',to_date('22/02/15','RR/MM/DD'),'10013',to_date('22/02/15','RR/MM/DD'),'30013',200,4230000,'현금','먹는거좋아함');
Insert into SALES (SAL_NO,SALE_DATE,CUST_ID,DEL_DATE,PROD_NO,QUANTITY,AMOUNT,PATMENT,NOTE) values ('41213',to_date('22/02/15','RR/MM/DD'),'10014',to_date('22/02/15','RR/MM/DD'),'30014',700,8030000,'카드','C언어 마스터');
Insert into SALES (SAL_NO,SALE_DATE,CUST_ID,DEL_DATE,PROD_NO,QUANTITY,AMOUNT,PATMENT,NOTE) values ('41214',to_date('22/02/15','RR/MM/DD'),'10001',to_date('22/02/15','RR/MM/DD'),'30001',400,200000,'현금','윤씨');
Insert into SALES (SAL_NO,SALE_DATE,CUST_ID,DEL_DATE,PROD_NO,QUANTITY,AMOUNT,PATMENT,NOTE) values ('41215',to_date('22/02/15','RR/MM/DD'),'10002',to_date('22/02/15','RR/MM/DD'),'30002',300,4500000,'카드','괴정동 괴물');
Insert into SALES (SAL_NO,SALE_DATE,CUST_ID,DEL_DATE,PROD_NO,QUANTITY,AMOUNT,PATMENT,NOTE) values ('41216',to_date('22/02/15','RR/MM/DD'),'10003',to_date('22/02/15','RR/MM/DD'),'30003',100,2000000,'카드','유성 철수');
Insert into SALES (SAL_NO,SALE_DATE,CUST_ID,DEL_DATE,PROD_NO,QUANTITY,AMOUNT,PATMENT,NOTE) values ('41217',to_date('22/02/15','RR/MM/DD'),'10004',to_date('22/02/15','RR/MM/DD'),'30004',780000,789800000000,'현금','전설의 이무개');
Insert into SALES (SAL_NO,SALE_DATE,CUST_ID,DEL_DATE,PROD_NO,QUANTITY,AMOUNT,PATMENT,NOTE) values ('41218',to_date('22/02/15','RR/MM/DD'),'10005',to_date('22/02/15','RR/MM/DD'),'30005',600,20130000,'현금','병사가 죽어나감');
Insert into SALES (SAL_NO,SALE_DATE,CUST_ID,DEL_DATE,PROD_NO,QUANTITY,AMOUNT,PATMENT,NOTE) values ('41219',to_date('22/02/15','RR/MM/DD'),'10006',to_date('22/02/15','RR/MM/DD'),'30006',800,780000,'카드','대전대 전설');
Insert into SALES (SAL_NO,SALE_DATE,CUST_ID,DEL_DATE,PROD_NO,QUANTITY,AMOUNT,PATMENT,NOTE) values ('41220',to_date('22/02/15','RR/MM/DD'),'10007',to_date('22/02/15','RR/MM/DD'),'30007',300,234030,'현금','청소 좋아함');
Insert into SALES (SAL_NO,SALE_DATE,CUST_ID,DEL_DATE,PROD_NO,QUANTITY,AMOUNT,PATMENT,NOTE) values ('41221',to_date('22/02/15','RR/MM/DD'),'10008',to_date('22/02/15','RR/MM/DD'),'30008',200,232300000,'카드','술전설');
Insert into SALES (SAL_NO,SALE_DATE,CUST_ID,DEL_DATE,PROD_NO,QUANTITY,AMOUNT,PATMENT,NOTE) values ('41222',to_date('22/02/15','RR/MM/DD'),'10009',to_date('22/02/15','RR/MM/DD'),'30009',3500,45230000,'현금','부자같음');
Insert into SALES (SAL_NO,SALE_DATE,CUST_ID,DEL_DATE,PROD_NO,QUANTITY,AMOUNT,PATMENT,NOTE) values ('41223',to_date('22/02/15','RR/MM/DD'),'10010',to_date('22/02/15','RR/MM/DD'),'30010',24000,1102330000,'카드','사장님');
Insert into SALES (SAL_NO,SALE_DATE,CUST_ID,DEL_DATE,PROD_NO,QUANTITY,AMOUNT,PATMENT,NOTE) values ('41224',to_date('22/02/15','RR/MM/DD'),'10011',to_date('22/02/15','RR/MM/DD'),'30011',50,30000,'현금','바보');
Insert into SALES (SAL_NO,SALE_DATE,CUST_ID,DEL_DATE,PROD_NO,QUANTITY,AMOUNT,PATMENT,NOTE) values ('41225',to_date('22/02/15','RR/MM/DD'),'10013',to_date('22/02/15','RR/MM/DD'),'30013',400,4230000,'현금','토끼');
Insert into SALES (SAL_NO,SALE_DATE,CUST_ID,DEL_DATE,PROD_NO,QUANTITY,AMOUNT,PATMENT,NOTE) values ('41226',to_date('22/02/15','RR/MM/DD'),'10014',to_date('22/02/15','RR/MM/DD'),'30014',300,8030000,'카드','권위자');
Insert into SALES (SAL_NO,SALE_DATE,CUST_ID,DEL_DATE,PROD_NO,QUANTITY,AMOUNT,PATMENT,NOTE) values ('01301',to_date('22/02/15','RR/MM/DD'),'10013',to_date('22/02/15','RR/MM/DD'),'30013',2,130000,'카드','당일배송 제품');
Insert into SALES (SAL_NO,SALE_DATE,CUST_ID,DEL_DATE,PROD_NO,QUANTITY,AMOUNT,PATMENT,NOTE) values ('01302',to_date('22/02/15','RR/MM/DD'),'10011',to_date('22/02/15','RR/MM/DD'),'30035',6,70000,'카드','사이즈 교환');
Insert into SALES (SAL_NO,SALE_DATE,CUST_ID,DEL_DATE,PROD_NO,QUANTITY,AMOUNT,PATMENT,NOTE) values ('01303',to_date('22/02/15','RR/MM/DD'),'10005',to_date('22/02/15','RR/MM/DD'),'30004',1,120000,'카드','기장수선');
Insert into SALES (SAL_NO,SALE_DATE,CUST_ID,DEL_DATE,PROD_NO,QUANTITY,AMOUNT,PATMENT,NOTE) values ('01304',to_date('22/02/15','RR/MM/DD'),'10010',to_date('22/02/15','RR/MM/DD'),'30014',2,60000,'현금','현금영수증');
Insert into SALES (SAL_NO,SALE_DATE,CUST_ID,DEL_DATE,PROD_NO,QUANTITY,AMOUNT,PATMENT,NOTE) values ('01305',to_date('22/02/15','RR/MM/DD'),'10006',to_date('22/02/15','RR/MM/DD'),'30033',5,150000,'카드','당일배송 제품');
Insert into SALES (SAL_NO,SALE_DATE,CUST_ID,DEL_DATE,PROD_NO,QUANTITY,AMOUNT,PATMENT,NOTE) values ('01306',to_date('22/02/15','RR/MM/DD'),'10002',to_date('22/02/15','RR/MM/DD'),'30032',2,47000,'현금','사은품 증정');
Insert into SALES (SAL_NO,SALE_DATE,CUST_ID,DEL_DATE,PROD_NO,QUANTITY,AMOUNT,PATMENT,NOTE) values ('01307',to_date('22/02/15','RR/MM/DD'),'10001',to_date('22/02/15','RR/MM/DD'),'30011',10,5000,'현금','1+1이벤트');
Insert into SALES (SAL_NO,SALE_DATE,CUST_ID,DEL_DATE,PROD_NO,QUANTITY,AMOUNT,PATMENT,NOTE) values ('01308',to_date('22/02/15','RR/MM/DD'),'10007',to_date('22/02/15','RR/MM/DD'),'30001',3,39000,'카드','색상교환');
Insert into SALES (SAL_NO,SALE_DATE,CUST_ID,DEL_DATE,PROD_NO,QUANTITY,AMOUNT,PATMENT,NOTE) values ('01309',to_date('22/02/15','RR/MM/DD'),'10014',to_date('22/02/15','RR/MM/DD'),'30035',8,78000,'카드',' ');
Insert into SALES (SAL_NO,SALE_DATE,CUST_ID,DEL_DATE,PROD_NO,QUANTITY,AMOUNT,PATMENT,NOTE) values ('01401',to_date('22/02/15','RR/MM/DD'),'10001',to_date('22/02/15','RR/MM/DD'),'30010',10,50000,'카드',null);
Insert into SALES (SAL_NO,SALE_DATE,CUST_ID,DEL_DATE,PROD_NO,QUANTITY,AMOUNT,PATMENT,NOTE) values ('01402',to_date('22/02/15','RR/MM/DD'),'10007',to_date('22/02/15','RR/MM/DD'),'30034',1,11000,'카드',null);
Insert into SALES (SAL_NO,SALE_DATE,CUST_ID,DEL_DATE,PROD_NO,QUANTITY,AMOUNT,PATMENT,NOTE) values ('01403',to_date('22/02/15','RR/MM/DD'),'10009',to_date('22/02/15','RR/MM/DD'),'30003',5,35000,'현금',null);
Insert into SALES (SAL_NO,SALE_DATE,CUST_ID,DEL_DATE,PROD_NO,QUANTITY,AMOUNT,PATMENT,NOTE) values ('01404',to_date('22/02/15','RR/MM/DD'),'10013',to_date('22/02/15','RR/MM/DD'),'30007',6,36600,'카드',null);
Insert into SALES (SAL_NO,SALE_DATE,CUST_ID,DEL_DATE,PROD_NO,QUANTITY,AMOUNT,PATMENT,NOTE) values ('01405',to_date('22/02/15','RR/MM/DD'),'10001',to_date('22/02/15','RR/MM/DD'),'30010',7,144400,'현금',null);
--------------------------------------------------------
--  DDL for Index SYS_C006999
--------------------------------------------------------

  CREATE UNIQUE INDEX "SYS_C006999" ON "CUSTOMER" ("CUST_ID") 
  PCTFREE 10 INITRANS 2 MAXTRANS 255 
  STORAGE(INITIAL 65536 NEXT 1048576 MINEXTENTS 1 MAXEXTENTS 2147483645
  PCTINCREASE 0 FREELISTS 1 FREELIST GROUPS 1 BUFFER_POOL DEFAULT FLASH_CACHE DEFAULT CELL_FLASH_CACHE DEFAULT)
  TABLESPACE "SYSTEM" ;
--------------------------------------------------------
--  DDL for Index SYS_C007003
--------------------------------------------------------

  CREATE UNIQUE INDEX "SYS_C007003" ON "ACCOUNTS" ("ACC_NO") 
  PCTFREE 10 INITRANS 2 MAXTRANS 255 
  STORAGE(INITIAL 65536 NEXT 1048576 MINEXTENTS 1 MAXEXTENTS 2147483645
  PCTINCREASE 0 FREELISTS 1 FREELIST GROUPS 1 BUFFER_POOL DEFAULT FLASH_CACHE DEFAULT CELL_FLASH_CACHE DEFAULT)
  TABLESPACE "SYSTEM" ;
--------------------------------------------------------
--  DDL for Index SYS_C007004
--------------------------------------------------------

  CREATE UNIQUE INDEX "SYS_C007004" ON "PRODUCTS" ("PROD_NO") 
  PCTFREE 10 INITRANS 2 MAXTRANS 255 
  STORAGE(INITIAL 65536 NEXT 1048576 MINEXTENTS 1 MAXEXTENTS 2147483645
  PCTINCREASE 0 FREELISTS 1 FREELIST GROUPS 1 BUFFER_POOL DEFAULT FLASH_CACHE DEFAULT CELL_FLASH_CACHE DEFAULT)
  TABLESPACE "SYSTEM" ;
--------------------------------------------------------
--  DDL for Index SYS_C007006
--------------------------------------------------------

  CREATE UNIQUE INDEX "SYS_C007006" ON "SALES" ("SAL_NO") 
  PCTFREE 10 INITRANS 2 MAXTRANS 255 
  STORAGE(INITIAL 65536 NEXT 1048576 MINEXTENTS 1 MAXEXTENTS 2147483645
  PCTINCREASE 0 FREELISTS 1 FREELIST GROUPS 1 BUFFER_POOL DEFAULT FLASH_CACHE DEFAULT CELL_FLASH_CACHE DEFAULT)
  TABLESPACE "SYSTEM" ;
--------------------------------------------------------
--  DDL for Index SYS_C007010
--------------------------------------------------------

  CREATE UNIQUE INDEX "SYS_C007010" ON "BOARD" ("BNO") 
  PCTFREE 10 INITRANS 2 MAXTRANS 255 
  STORAGE(INITIAL 65536 NEXT 1048576 MINEXTENTS 1 MAXEXTENTS 2147483645
  PCTINCREASE 0 FREELISTS 1 FREELIST GROUPS 1 BUFFER_POOL DEFAULT FLASH_CACHE DEFAULT CELL_FLASH_CACHE DEFAULT)
  TABLESPACE "SYSTEM" ;
--------------------------------------------------------
--  DDL for Index SYS_C007023
--------------------------------------------------------

  CREATE UNIQUE INDEX "SYS_C007023" ON "DEPT_CONST" ("DOPTNO") 
  PCTFREE 10 INITRANS 2 MAXTRANS 255 
  STORAGE(INITIAL 65536 NEXT 1048576 MINEXTENTS 1 MAXEXTENTS 2147483645
  PCTINCREASE 0 FREELISTS 1 FREELIST GROUPS 1 BUFFER_POOL DEFAULT FLASH_CACHE DEFAULT CELL_FLASH_CACHE DEFAULT)
  TABLESPACE "SYSTEM" ;
--------------------------------------------------------
--  DDL for Index SYS_C007024
--------------------------------------------------------

  CREATE UNIQUE INDEX "SYS_C007024" ON "DEPT_CONST" ("DNAME") 
  PCTFREE 10 INITRANS 2 MAXTRANS 255 COMPUTE STATISTICS 
  STORAGE(INITIAL 65536 NEXT 1048576 MINEXTENTS 1 MAXEXTENTS 2147483645
  PCTINCREASE 0 FREELISTS 1 FREELIST GROUPS 1 BUFFER_POOL DEFAULT FLASH_CACHE DEFAULT CELL_FLASH_CACHE DEFAULT)
  TABLESPACE "SYSTEM" ;
--------------------------------------------------------
--  DDL for Index SYS_C007026
--------------------------------------------------------

  CREATE UNIQUE INDEX "SYS_C007026" ON "EMP_CONST" ("EMPNO") 
  PCTFREE 10 INITRANS 2 MAXTRANS 255 
  STORAGE(INITIAL 65536 NEXT 1048576 MINEXTENTS 1 MAXEXTENTS 2147483645
  PCTINCREASE 0 FREELISTS 1 FREELIST GROUPS 1 BUFFER_POOL DEFAULT FLASH_CACHE DEFAULT CELL_FLASH_CACHE DEFAULT)
  TABLESPACE "SYSTEM" ;
--------------------------------------------------------
--  DDL for Index SYS_C007028
--------------------------------------------------------

  CREATE UNIQUE INDEX "SYS_C007028" ON "EMP_CONST" ("TEL") 
  PCTFREE 10 INITRANS 2 MAXTRANS 255 COMPUTE STATISTICS 
  STORAGE(INITIAL 65536 NEXT 1048576 MINEXTENTS 1 MAXEXTENTS 2147483645
  PCTINCREASE 0 FREELISTS 1 FREELIST GROUPS 1 BUFFER_POOL DEFAULT FLASH_CACHE DEFAULT CELL_FLASH_CACHE DEFAULT)
  TABLESPACE "SYSTEM" ;
--------------------------------------------------------
--  DDL for Index SYS_C007003
--------------------------------------------------------

  CREATE UNIQUE INDEX "SYS_C007003" ON "ACCOUNTS" ("ACC_NO") 
  PCTFREE 10 INITRANS 2 MAXTRANS 255 
  STORAGE(INITIAL 65536 NEXT 1048576 MINEXTENTS 1 MAXEXTENTS 2147483645
  PCTINCREASE 0 FREELISTS 1 FREELIST GROUPS 1 BUFFER_POOL DEFAULT FLASH_CACHE DEFAULT CELL_FLASH_CACHE DEFAULT)
  TABLESPACE "SYSTEM" ;
--------------------------------------------------------
--  DDL for Index SYS_C007010
--------------------------------------------------------

  CREATE UNIQUE INDEX "SYS_C007010" ON "BOARD" ("BNO") 
  PCTFREE 10 INITRANS 2 MAXTRANS 255 
  STORAGE(INITIAL 65536 NEXT 1048576 MINEXTENTS 1 MAXEXTENTS 2147483645
  PCTINCREASE 0 FREELISTS 1 FREELIST GROUPS 1 BUFFER_POOL DEFAULT FLASH_CACHE DEFAULT CELL_FLASH_CACHE DEFAULT)
  TABLESPACE "SYSTEM" ;
--------------------------------------------------------
--  DDL for Index SYS_C006999
--------------------------------------------------------

  CREATE UNIQUE INDEX "SYS_C006999" ON "CUSTOMER" ("CUST_ID") 
  PCTFREE 10 INITRANS 2 MAXTRANS 255 
  STORAGE(INITIAL 65536 NEXT 1048576 MINEXTENTS 1 MAXEXTENTS 2147483645
  PCTINCREASE 0 FREELISTS 1 FREELIST GROUPS 1 BUFFER_POOL DEFAULT FLASH_CACHE DEFAULT CELL_FLASH_CACHE DEFAULT)
  TABLESPACE "SYSTEM" ;
--------------------------------------------------------
--  DDL for Index SYS_C007023
--------------------------------------------------------

  CREATE UNIQUE INDEX "SYS_C007023" ON "DEPT_CONST" ("DOPTNO") 
  PCTFREE 10 INITRANS 2 MAXTRANS 255 
  STORAGE(INITIAL 65536 NEXT 1048576 MINEXTENTS 1 MAXEXTENTS 2147483645
  PCTINCREASE 0 FREELISTS 1 FREELIST GROUPS 1 BUFFER_POOL DEFAULT FLASH_CACHE DEFAULT CELL_FLASH_CACHE DEFAULT)
  TABLESPACE "SYSTEM" ;
--------------------------------------------------------
--  DDL for Index SYS_C007024
--------------------------------------------------------

  CREATE UNIQUE INDEX "SYS_C007024" ON "DEPT_CONST" ("DNAME") 
  PCTFREE 10 INITRANS 2 MAXTRANS 255 COMPUTE STATISTICS 
  STORAGE(INITIAL 65536 NEXT 1048576 MINEXTENTS 1 MAXEXTENTS 2147483645
  PCTINCREASE 0 FREELISTS 1 FREELIST GROUPS 1 BUFFER_POOL DEFAULT FLASH_CACHE DEFAULT CELL_FLASH_CACHE DEFAULT)
  TABLESPACE "SYSTEM" ;
--------------------------------------------------------
--  DDL for Index SYS_C007026
--------------------------------------------------------

  CREATE UNIQUE INDEX "SYS_C007026" ON "EMP_CONST" ("EMPNO") 
  PCTFREE 10 INITRANS 2 MAXTRANS 255 
  STORAGE(INITIAL 65536 NEXT 1048576 MINEXTENTS 1 MAXEXTENTS 2147483645
  PCTINCREASE 0 FREELISTS 1 FREELIST GROUPS 1 BUFFER_POOL DEFAULT FLASH_CACHE DEFAULT CELL_FLASH_CACHE DEFAULT)
  TABLESPACE "SYSTEM" ;
--------------------------------------------------------
--  DDL for Index SYS_C007028
--------------------------------------------------------

  CREATE UNIQUE INDEX "SYS_C007028" ON "EMP_CONST" ("TEL") 
  PCTFREE 10 INITRANS 2 MAXTRANS 255 COMPUTE STATISTICS 
  STORAGE(INITIAL 65536 NEXT 1048576 MINEXTENTS 1 MAXEXTENTS 2147483645
  PCTINCREASE 0 FREELISTS 1 FREELIST GROUPS 1 BUFFER_POOL DEFAULT FLASH_CACHE DEFAULT CELL_FLASH_CACHE DEFAULT)
  TABLESPACE "SYSTEM" ;
--------------------------------------------------------
--  DDL for Index SYS_C007004
--------------------------------------------------------

  CREATE UNIQUE INDEX "SYS_C007004" ON "PRODUCTS" ("PROD_NO") 
  PCTFREE 10 INITRANS 2 MAXTRANS 255 
  STORAGE(INITIAL 65536 NEXT 1048576 MINEXTENTS 1 MAXEXTENTS 2147483645
  PCTINCREASE 0 FREELISTS 1 FREELIST GROUPS 1 BUFFER_POOL DEFAULT FLASH_CACHE DEFAULT CELL_FLASH_CACHE DEFAULT)
  TABLESPACE "SYSTEM" ;
--------------------------------------------------------
--  DDL for Index SYS_C007006
--------------------------------------------------------

  CREATE UNIQUE INDEX "SYS_C007006" ON "SALES" ("SAL_NO") 
  PCTFREE 10 INITRANS 2 MAXTRANS 255 
  STORAGE(INITIAL 65536 NEXT 1048576 MINEXTENTS 1 MAXEXTENTS 2147483645
  PCTINCREASE 0 FREELISTS 1 FREELIST GROUPS 1 BUFFER_POOL DEFAULT FLASH_CACHE DEFAULT CELL_FLASH_CACHE DEFAULT)
  TABLESPACE "SYSTEM" ;
--------------------------------------------------------
--  Constraints for Table ACCOUNTS
--------------------------------------------------------

  ALTER TABLE "ACCOUNTS" ADD PRIMARY KEY ("ACC_NO")
  USING INDEX PCTFREE 10 INITRANS 2 MAXTRANS 255 
  STORAGE(INITIAL 65536 NEXT 1048576 MINEXTENTS 1 MAXEXTENTS 2147483645
  PCTINCREASE 0 FREELISTS 1 FREELIST GROUPS 1 BUFFER_POOL DEFAULT FLASH_CACHE DEFAULT CELL_FLASH_CACHE DEFAULT)
  TABLESPACE "SYSTEM"  ENABLE;
  ALTER TABLE "ACCOUNTS" MODIFY ("CEO" NOT NULL ENABLE);
  ALTER TABLE "ACCOUNTS" MODIFY ("TEL" NOT NULL ENABLE);
  ALTER TABLE "ACCOUNTS" MODIFY ("ACC_NAME" NOT NULL ENABLE);
--------------------------------------------------------
--  Constraints for Table BOARD
--------------------------------------------------------

  ALTER TABLE "BOARD" ADD PRIMARY KEY ("BNO")
  USING INDEX PCTFREE 10 INITRANS 2 MAXTRANS 255 
  STORAGE(INITIAL 65536 NEXT 1048576 MINEXTENTS 1 MAXEXTENTS 2147483645
  PCTINCREASE 0 FREELISTS 1 FREELIST GROUPS 1 BUFFER_POOL DEFAULT FLASH_CACHE DEFAULT CELL_FLASH_CACHE DEFAULT)
  TABLESPACE "SYSTEM"  ENABLE;
--------------------------------------------------------
--  Constraints for Table CUSTOMER
--------------------------------------------------------

  ALTER TABLE "CUSTOMER" ADD PRIMARY KEY ("CUST_ID")
  USING INDEX PCTFREE 10 INITRANS 2 MAXTRANS 255 
  STORAGE(INITIAL 65536 NEXT 1048576 MINEXTENTS 1 MAXEXTENTS 2147483645
  PCTINCREASE 0 FREELISTS 1 FREELIST GROUPS 1 BUFFER_POOL DEFAULT FLASH_CACHE DEFAULT CELL_FLASH_CACHE DEFAULT)
  TABLESPACE "SYSTEM"  ENABLE;
  ALTER TABLE "CUSTOMER" MODIFY ("CU_NAME" NOT NULL ENABLE);
--------------------------------------------------------
--  Constraints for Table DEPT_CONST
--------------------------------------------------------

  ALTER TABLE "DEPT_CONST" MODIFY ("LOC" NOT NULL ENABLE);
  ALTER TABLE "DEPT_CONST" ADD UNIQUE ("DNAME")
  USING INDEX PCTFREE 10 INITRANS 2 MAXTRANS 255 COMPUTE STATISTICS 
  STORAGE(INITIAL 65536 NEXT 1048576 MINEXTENTS 1 MAXEXTENTS 2147483645
  PCTINCREASE 0 FREELISTS 1 FREELIST GROUPS 1 BUFFER_POOL DEFAULT FLASH_CACHE DEFAULT CELL_FLASH_CACHE DEFAULT)
  TABLESPACE "SYSTEM"  ENABLE;
  ALTER TABLE "DEPT_CONST" ADD PRIMARY KEY ("DOPTNO")
  USING INDEX PCTFREE 10 INITRANS 2 MAXTRANS 255 
  STORAGE(INITIAL 65536 NEXT 1048576 MINEXTENTS 1 MAXEXTENTS 2147483645
  PCTINCREASE 0 FREELISTS 1 FREELIST GROUPS 1 BUFFER_POOL DEFAULT FLASH_CACHE DEFAULT CELL_FLASH_CACHE DEFAULT)
  TABLESPACE "SYSTEM"  ENABLE;
--------------------------------------------------------
--  Constraints for Table EMP_CONST
--------------------------------------------------------

  ALTER TABLE "EMP_CONST" ADD CHECK (sal BETWEEN 1000 AND 9999) ENABLE;
  ALTER TABLE "EMP_CONST" ADD UNIQUE ("TEL")
  USING INDEX PCTFREE 10 INITRANS 2 MAXTRANS 255 COMPUTE STATISTICS 
  STORAGE(INITIAL 65536 NEXT 1048576 MINEXTENTS 1 MAXEXTENTS 2147483645
  PCTINCREASE 0 FREELISTS 1 FREELIST GROUPS 1 BUFFER_POOL DEFAULT FLASH_CACHE DEFAULT CELL_FLASH_CACHE DEFAULT)
  TABLESPACE "SYSTEM"  ENABLE;
  ALTER TABLE "EMP_CONST" MODIFY ("ENAME" NOT NULL ENABLE);
  ALTER TABLE "EMP_CONST" ADD PRIMARY KEY ("EMPNO")
  USING INDEX PCTFREE 10 INITRANS 2 MAXTRANS 255 
  STORAGE(INITIAL 65536 NEXT 1048576 MINEXTENTS 1 MAXEXTENTS 2147483645
  PCTINCREASE 0 FREELISTS 1 FREELIST GROUPS 1 BUFFER_POOL DEFAULT FLASH_CACHE DEFAULT CELL_FLASH_CACHE DEFAULT)
  TABLESPACE "SYSTEM"  ENABLE;
--------------------------------------------------------
--  Constraints for Table PRODUCTS
--------------------------------------------------------

  ALTER TABLE "PRODUCTS" ADD PRIMARY KEY ("PROD_NO")
  USING INDEX PCTFREE 10 INITRANS 2 MAXTRANS 255 
  STORAGE(INITIAL 65536 NEXT 1048576 MINEXTENTS 1 MAXEXTENTS 2147483645
  PCTINCREASE 0 FREELISTS 1 FREELIST GROUPS 1 BUFFER_POOL DEFAULT FLASH_CACHE DEFAULT CELL_FLASH_CACHE DEFAULT)
  TABLESPACE "SYSTEM"  ENABLE;
--------------------------------------------------------
--  Constraints for Table SALES
--------------------------------------------------------

  ALTER TABLE "SALES" ADD PRIMARY KEY ("SAL_NO")
  USING INDEX PCTFREE 10 INITRANS 2 MAXTRANS 255 
  STORAGE(INITIAL 65536 NEXT 1048576 MINEXTENTS 1 MAXEXTENTS 2147483645
  PCTINCREASE 0 FREELISTS 1 FREELIST GROUPS 1 BUFFER_POOL DEFAULT FLASH_CACHE DEFAULT CELL_FLASH_CACHE DEFAULT)
  TABLESPACE "SYSTEM"  ENABLE;
--------------------------------------------------------
--  Ref Constraints for Table PRODUCTS
--------------------------------------------------------

  ALTER TABLE "PRODUCTS" ADD CONSTRAINT "ACC_NO_FK" FOREIGN KEY ("ACC_NO")
	  REFERENCES "ACCOUNTS" ("ACC_NO") ENABLE;
--------------------------------------------------------
--  Ref Constraints for Table SALES
--------------------------------------------------------

  ALTER TABLE "SALES" ADD CONSTRAINT "CUST_ID_FK" FOREIGN KEY ("CUST_ID")
	  REFERENCES "CUSTOMER" ("CUST_ID") ENABLE;
  ALTER TABLE "SALES" ADD CONSTRAINT "PROD_NO_FK" FOREIGN KEY ("PROD_NO")
	  REFERENCES "PRODUCTS" ("PROD_NO") ENABLE;
